ATIVO,SETOR,INDUSTRIA,DATA,RECOMENDACAO,Tipo,Balanço de Cotas
BBSE3,Insurance - Diversified,Financial Services,11-09-2025,hold,Ação,3
VALE3,Other Industrial Metals & Mining,Basic Materials,11-09-2025,buy,Ação,3
PETR4,Oil & Gas Integrated,Energy,11-09-2025,buy,Ação,30
TAEE11,Utilities - Regulated Electric,Utilities,11-09-2025,underperform,Ação,3
KNCR11,REIT - Mortgage,Real Estate,,,FII,3
HGLG11,REIT - Diversified,Real Estate,,,FII,3
XPCI11,REIT - Mortgage,Real Estate,,,FII,3
XPML11,REIT - Retail,Real Estate,,,FII,3
HTMX11,REIT - Hotel & Motel,Real Estate,,,FII,3
