ATIVO,VALOR,DATA COM,DATA PAGAMENTO,TIPO,DY
BBDC3,0.01,2020-12-01,2021-01-04,JCP,0.08
BBDC4,0.01,2020-12-01,2021-01-04,JCP,0.08
ITSA4,0.02,2020-11-30,2021-01-04,Dividendo,0.19
ITUB4,0.01,2020-11-30,2021-01-04,Dividendo,0.05
BBDC3,0.37,2020-12-28,2021-01-07,JCP,1.51
BBDC4,0.41,2020-12-28,2021-01-07,JCP,1.49
HYPE3,0.29,2020-10-23,2021-01-07,JCP,0.93
HYPE3,0.29,2020-03-27,2021-01-07,JCP,0.96
HYPE3,0.29,2020-06-26,2021-01-07,JCP,0.84
HYPE3,0.29,2020-12-28,2021-01-07,JCP,0.85
B3SA3,0.04,2020-12-30,2021-01-08,JCP,0.08
B3SA3,0.13,2020-12-30,2021-01-08,Dividendo,0.22
BEEF3,0.04,2020-12-30,2021-01-11,JCP,0.41
VBBR3,0.42,2020-12-21,2021-01-12,JCP,1.91
VBBR3,0.0,2020-12-21,2021-01-12,Rend. Tributado,0.0
ISAE4,0.17,2020-12-16,2021-01-18,Dividendo,0.61
ISAE4,0.66,2020-12-16,2021-01-18,JCP,2.28
TIMS3,0.24,2020-12-18,2021-01-22,JCP,1.67
ABEV3,0.07,2021-01-13,2021-01-28,Dividendo,0.47
MRVE3,0.2,2021-01-18,2021-01-28,Dividendo,1.0
EGIE3,0.67,2020-12-18,2021-01-29,Dividendo,1.5
EGIE3,0.83,2020-08-07,2021-01-29,Dividendo,1.79
BBDC3,0.01,2021-01-04,2021-02-01,JCP,0.07
BBDC4,0.01,2021-01-04,2021-02-01,JCP,0.07
ITUB4,0.01,2020-12-30,2021-02-01,Dividendo,0.05
SANB11,0.17,2021-01-08,2021-02-01,JCP,0.38
BPAC11,0.15,2021-01-06,2021-02-05,JCP,0.17
BPAC11,0.14,2020-07-22,2021-02-05,JCP,0.17
RENT3,0.08,2020-12-15,2021-02-05,JCP,0.13
ELET3,1.43,2021-02-03,2021-02-19,Dividendo,4.53
ELET6,1.57,2021-02-03,2021-02-19,Dividendo,4.87
BBSE3,0.47,2021-02-11,2021-02-25,Dividendo,1.64
BBSE3,0.0,2021-02-11,2021-02-25,Rend. Tributado,0.0
BBDC3,0.01,2021-02-01,2021-03-01,JCP,0.08
BBDC4,0.01,2021-02-01,2021-03-01,JCP,0.08
ITUB4,0.01,2021-01-29,2021-03-01,Dividendo,0.05
BBAS3,0.21,2021-02-22,2021-03-03,JCP,0.73
BBAS3,0.0,2021-02-22,2021-03-03,Rend. Tributado,0.0
SANB11,0.13,2021-02-12,2021-03-03,Dividendo,0.34
FLRY3,0.23,2021-01-06,2021-03-05,JCP,0.88
BBDC3,0.01,2021-02-17,2021-03-08,JCP,0.09
BBDC4,0.02,2021-02-17,2021-03-08,JCP,0.09
RDOR3,0.13,2021-01-04,2021-03-08,JCP,0.19
WEGE3,0.17,2021-02-26,2021-03-10,Dividendo,0.22
WEGE3,0.01,2020-09-25,2021-03-10,JCP,0.03
WEGE3,0.01,2020-12-21,2021-03-10,JCP,0.03
ITSA4,0.1,2020-12-10,2021-03-12,JCP,0.89
ITSA4,0.02,2021-01-22,2021-03-12,JCP,0.19
ITUB4,0.09,2021-02-25,2021-03-12,Dividendo,0.37
ITUB4,0.05,2021-02-25,2021-03-12,JCP,0.19
ITUB4,0.06,2020-12-10,2021-03-12,JCP,0.2
ITUB4,0.05,2021-01-22,2021-03-12,JCP,0.17
UGPA3,0.44,2021-03-04,2021-03-12,Dividendo,2.29
VALE3,0.83,2021-03-04,2021-03-15,JCP,0.84
VALE3,3.42,2021-03-04,2021-03-15,Dividendo,3.45
GGBR4,0.13,2021-03-11,2021-03-25,JCP,0.47
GGBR4,0.17,2020-12-21,2021-03-25,JCP,0.71
GOAU4,0.08,2021-03-11,2021-03-26,JCP,0.64
GOAU4,0.09,2020-12-21,2021-03-26,JCP,0.82
ENGI11,1.1,2021-03-19,2021-03-30,Dividendo,2.39
BBAS3,0.07,2021-03-11,2021-03-31,JCP,0.24
POMO4,0.02,2020-12-22,2021-03-31,JCP,0.7
BBDC3,0.01,2021-03-01,2021-04-01,JCP,0.08
BBDC4,0.01,2021-03-01,2021-04-01,JCP,0.08
ITSA4,0.02,2021-02-26,2021-04-01,Dividendo,0.2
ITUB4,0.01,2021-02-26,2021-04-01,Dividendo,0.06
FLRY3,0.49,2021-03-02,2021-04-02,Dividendo,1.83
EGIE3,0.21,2020-12-18,2021-04-05,JCP,0.47
B3SA3,0.03,2021-03-26,2021-04-08,JCP,0.07
B3SA3,0.13,2021-03-24,2021-04-08,Dividendo,0.24
PSSA3,0.59,2020-06-29,2021-04-12,JCP,1.15
PSSA3,0.55,2020-10-30,2021-04-12,JCP,1.15
PSSA3,0.25,2021-03-31,2021-04-12,Dividendo,0.55
PSSA3,0.46,2021-03-31,2021-04-12,Dividendo,0.98
BEEF3,0.72,2021-04-12,2021-04-20,Dividendo,6.86
PETR3,0.78,2021-04-14,2021-04-29,Dividendo,3.28
PETR3,0.0,2021-04-14,2021-04-29,Rend. Tributado,0.02
PETR4,0.78,2021-04-14,2021-04-29,Dividendo,3.25
PETR4,0.0,2021-04-14,2021-04-29,Rend. Tributado,0.02
CPLE6,0.47,2021-03-31,2021-04-30,Dividendo,6.69
HAPV3,0.44,2020-09-10,2021-04-30,JCP,0.7
HAPV3,0.37,2021-01-07,2021-04-30,JCP,2.68
MOTV3,0.08,2021-04-08,2021-04-30,Dividendo,0.7
MRFG3,0.2,2021-04-09,2021-04-30,Dividendo,1.12
VBBR3,0.0,2021-04-15,2021-04-30,Rend. Tributado,0.03
VBBR3,0.94,2021-04-15,2021-04-30,Dividendo,4.04
BBDC3,0.01,2021-04-01,2021-05-03,JCP,0.07
BBDC4,0.01,2021-04-01,2021-05-03,JCP,0.07
ITUB4,0.01,2021-03-31,2021-05-03,Dividendo,0.05
MGLU3,0.26,2020-12-29,2021-05-05,JCP,1.04
B3SA3,0.19,2021-03-24,2021-05-07,Dividendo,0.36
LREN3,0.07,2020-03-19,2021-05-07,JCP,0.25
LREN3,0.03,2021-04-23,2021-05-07,Dividendo,0.1
LREN3,0.08,2020-09-22,2021-05-07,JCP,0.2
LREN3,0.07,2020-12-18,2021-05-07,JCP,0.17
LREN3,0.07,2020-06-23,2021-05-07,JCP,0.17
MRVE3,0.27,2021-04-29,2021-05-11,Dividendo,1.52
BRAP4,0.72,2021-03-31,2021-05-12,JCP,1.06
BRAP4,2.71,2021-03-31,2021-05-12,Dividendo,3.96
CSNA3,0.65,2021-04-30,2021-05-12,Dividendo,1.35
SLCE3,0.53,2021-04-29,2021-05-13,Dividendo,1.03
VIVA3,0.1,2020-12-29,2021-05-14,JCP,0.37
VIVA3,0.05,2021-04-30,2021-05-14,Dividendo,0.21
ALOS3,0.22,2021-04-28,2021-05-17,Dividendo,0.84
HAPV3,0.03,2021-05-05,2021-05-17,Dividendo,0.25
RDOR3,0.07,2021-03-31,2021-05-18,JCP,0.12
CSAN3,0.25,2021-05-05,2021-05-20,Dividendo,0.29
TOTS3,0.09,2021-04-20,2021-05-20,Dividendo,0.29
TOTS3,0.1,2020-12-21,2021-05-20,JCP,0.36
ISAE4,0.79,2021-03-30,2021-05-21,Dividendo,3.03
ISAE4,0.8,2021-02-25,2021-05-21,Dividendo,3.06
RENT3,0.08,2021-03-29,2021-05-21,JCP,0.15
RENT3,0.02,2021-04-30,2021-05-21,Dividendo,0.04
GGBR4,0.4,2021-05-14,2021-05-26,Dividendo,1.17
GOAU4,0.21,2021-05-14,2021-05-27,Dividendo,1.38
TAEE11,1.63,2021-05-04,2021-05-27,Dividendo,3.86
TAEE11,0.18,2021-05-18,2021-05-27,JCP,0.46
TAEE11,1.16,2021-05-18,2021-05-27,Dividendo,2.87
BBAS3,0.03,2021-05-21,2021-05-28,Dividendo,0.11
BBAS3,0.17,2021-05-21,2021-05-28,JCP,0.52
RADL3,0.03,2020-09-24,2021-05-31,JCP,0.13
RADL3,0.02,2020-12-16,2021-05-31,JCP,0.11
USIM5,0.13,2021-04-29,2021-05-31,Dividendo,0.58
BBDC3,0.01,2021-05-03,2021-06-01,JCP,0.08
BBDC4,0.01,2021-05-03,2021-06-01,JCP,0.08
ITUB4,0.01,2021-04-30,2021-06-01,Dividendo,0.05
SANB11,0.8,2021-05-07,2021-06-02,Dividendo,2.06
ASAI3,0.06,2021-04-28,2021-06-07,Dividendo,0.08
USIM5,0.0,2021-05-25,2021-06-07,Dividendo,0.03
DIRR3,0.23,2021-05-19,2021-06-11,Dividendo,1.59
CYRE3,1.08,2021-04-23,2021-06-14,Dividendo,4.27
PCAR3,0.47,2021-05-05,2021-06-15,Dividendo,1.21
PCAR3,1.7,2021-05-05,2021-06-15,JCP,4.34
CPFE3,1.5,2021-04-30,2021-06-21,Dividendo,5.12
SBSP3,0.39,2021-04-29,2021-06-28,JCP,0.93
BBAS3,0.08,2021-06-11,2021-06-30,JCP,0.24
CMIG4,0.03,2020-09-25,2021-06-30,JCP,0.37
CMIG4,0.3,2021-04-30,2021-06-30,Dividendo,2.21
CMIG4,0.14,2020-12-30,2021-06-30,JCP,0.98
VALE3,0.71,2021-06-23,2021-06-30,Dividendo,0.63
VALE3,1.47,2021-06-23,2021-06-30,Dividendo,1.3
BBDC3,0.01,2021-06-01,2021-07-01,JCP,0.07
BBDC4,0.01,2021-06-01,2021-07-01,JCP,0.07
ITSA4,0.02,2021-05-31,2021-07-01,Dividendo,0.18
ITUB4,0.01,2021-05-31,2021-07-01,Dividendo,0.05
RDOR3,0.07,2021-06-21,2021-07-05,JCP,0.12
B3SA3,0.04,2021-06-29,2021-07-07,JCP,0.27
B3SA3,0.16,2021-06-29,2021-07-07,Dividendo,1.0
BBDC3,0.49,2021-07-02,2021-07-12,JCP,2.25
BBDC4,0.53,2021-07-02,2021-07-12,JCP,2.1
EGIE3,0.74,2021-05-11,2021-07-12,Dividendo,1.89
VIVT3,0.07,2020-02-28,2021-07-13,JCP,0.16
VIVT3,0.04,2020-03-31,2021-07-13,JCP,0.08
VIVT3,0.24,2020-06-30,2021-07-13,JCP,0.52
VIVT3,0.18,2020-09-28,2021-07-13,JCP,0.39
VIVT3,0.11,2020-11-27,2021-07-13,JCP,0.27
VIVT3,0.07,2020-12-28,2021-07-13,JCP,0.17
ISAE4,0.5,2021-07-06,2021-07-15,Dividendo,1.97
TIMS3,0.14,2021-06-21,2021-07-20,JCP,1.14
BRAP4,1.78,2021-07-15,2021-07-26,Dividendo,2.23
AZZA3,0.02,2021-04-29,2021-07-30,Dividendo,0.03
AZZA3,0.29,2021-07-01,2021-07-30,JCP,0.32
CURY3,0.39,2021-04-23,2021-07-30,Dividendo,3.94
HAPV3,0.26,2021-07-06,2021-07-30,JCP,1.78
BBDC3,0.01,2021-07-01,2021-08-02,JCP,0.08
BBDC4,0.01,2021-07-01,2021-08-02,JCP,0.07
ITUB4,0.01,2021-06-30,2021-08-02,Dividendo,0.05
CMIN3,0.05,2021-04-30,2021-08-10,Dividendo,0.49
CMIN3,0.33,2021-07-30,2021-08-10,Dividendo,3.52
CSNA3,1.26,2021-07-30,2021-08-10,Dividendo,2.7
CPLE6,0.05,2021-03-31,2021-08-11,JCP,0.72
CPLE6,0.04,2021-03-31,2021-08-11,Dividendo,0.73
CPLE6,0.07,2021-04-29,2021-08-11,Dividendo,1.26
CPLE6,0.31,2020-12-28,2021-08-11,JCP,0.42
WEGE3,0.01,2021-03-26,2021-08-11,JCP,0.02
WEGE3,0.02,2021-06-25,2021-08-11,JCP,0.06
WEGE3,0.15,2021-07-30,2021-08-11,Dividendo,0.44
BPAC11,0.16,2021-08-05,2021-08-12,JCP,0.56
FLRY3,0.13,2021-08-03,2021-08-16,JCP,0.56
RENT3,0.09,2021-06-29,2021-08-20,JCP,0.15
BBSE3,0.52,2021-08-11,2021-08-23,Dividendo,2.4
PETR3,1.6,2021-08-16,2021-08-25,Dividendo,5.43
PETR4,1.6,2021-08-16,2021-08-25,Dividendo,5.54
GGBR4,0.54,2021-08-16,2021-08-26,Dividendo,1.76
ITSA4,0.03,2021-08-13,2021-08-26,JCP,0.33
ITSA4,0.01,2021-03-09,2021-08-26,JCP,0.16
ITSA4,0.01,2021-03-25,2021-08-26,JCP,0.19
ITSA4,0.02,2021-04-27,2021-08-26,JCP,0.21
ITSA4,0.01,2021-05-24,2021-08-26,JCP,0.17
ITUB4,0.05,2021-04-27,2021-08-26,JCP,0.21
ITUB4,0.04,2021-05-24,2021-08-26,JCP,0.17
ITUB4,0.1,2021-08-13,2021-08-26,JCP,0.34
ITUB4,0.05,2021-03-25,2021-08-26,JCP,0.19
GOAU4,0.28,2021-08-16,2021-08-27,Dividendo,1.97
UGPA3,0.2,2021-08-19,2021-08-27,Dividendo,1.32
BBAS3,0.17,2021-08-23,2021-08-31,JCP,0.58
BBAS3,0.0,2021-08-23,2021-08-31,Rend. Tributado,0.0
ELET3,0.01,2021-04-27,2021-08-31,Rend. Tributado,0.05
ELET3,0.94,2021-04-27,2021-08-31,Dividendo,2.61
ELET6,1.03,2021-04-27,2021-08-31,Dividendo,2.83
ELET6,0.02,2021-04-27,2021-08-31,Rend. Tributado,0.06
VBBR3,0.6,2021-04-15,2021-08-31,Dividendo,2.6
VBBR3,0.01,2021-04-15,2021-08-31,Rend. Tributado,0.05
BBDC3,0.01,2021-08-02,2021-09-01,JCP,0.08
BBDC4,0.01,2021-08-02,2021-09-01,JCP,0.08
ITUB4,0.01,2021-07-30,2021-09-01,Dividendo,0.05
SANB11,0.91,2021-08-04,2021-09-03,JCP,2.25
IRBR3,0.88,2020-08-14,2021-09-08,JCP,11.55
IRBR3,0.04,2020-08-14,2021-09-08,Rend. Tributado,0.58
RDOR3,0.08,2021-09-09,2021-09-17,JCP,0.12
RDOR3,0.99,2021-09-09,2021-09-17,Dividendo,1.44
ELET3,0.0,2021-04-27,2021-09-28,Rend. Tributado,0.0
ELET6,0.0,2021-04-27,2021-09-28,Rend. Tributado,0.0
MRFG3,1.4,2021-09-10,2021-09-28,Dividendo,6.18
ENGI11,0.65,2021-08-17,2021-09-29,Dividendo,1.5
VBBR3,0.33,2021-09-13,2021-09-29,JCP,1.3
BBAS3,0.09,2021-09-13,2021-09-30,JCP,0.31
VALE3,8.19,2021-09-22,2021-09-30,Dividendo,9.21
BBDC3,0.01,2021-09-01,2021-10-01,JCP,0.09
BBDC4,0.01,2021-09-01,2021-10-01,JCP,0.08
ITSA4,0.02,2021-08-31,2021-10-01,Dividendo,0.18
ITUB4,0.01,2021-08-31,2021-10-01,Dividendo,0.05
MULT3,0.45,2020-12-28,2021-10-05,JCP,1.9
USIM5,0.71,2021-08-31,2021-10-05,Dividendo,3.87
USIM5,0.38,2021-08-31,2021-10-05,JCP,2.09
VIVT3,0.35,2020-12-28,2021-10-05,Dividendo,0.79
VIVT3,0.47,2021-04-15,2021-10-05,Dividendo,1.05
B3SA3,0.15,2021-09-28,2021-10-07,Dividendo,1.11
B3SA3,0.04,2021-09-28,2021-10-07,JCP,0.33
ASAI3,0.04,2021-10-05,2021-10-14,JCP,0.25
CPFE3,0.43,2021-08-31,2021-10-22,Dividendo,1.58
HAPV3,0.17,2021-09-27,2021-10-22,JCP,1.22
TOTS3,0.09,2021-08-04,2021-10-22,JCP,0.25
TIMS3,0.05,2021-09-29,2021-10-27,JCP,0.48
PSSA3,0.92,2021-03-31,2021-10-29,Dividendo,2.04
BBDC3,0.01,2021-10-01,2021-11-01,JCP,0.1
BBDC4,0.01,2021-10-01,2021-11-01,JCP,0.09
ITUB4,0.01,2021-09-30,2021-11-01,Dividendo,0.05
KLBN11,0.09,2021-10-29,2021-11-11,JCP,0.39
KLBN11,0.27,2021-10-29,2021-11-11,Dividendo,1.16
CPFE3,0.43,2021-08-31,2021-11-16,Dividendo,1.58
CXSE3,0.24,2021-11-04,2021-11-16,Dividendo,2.66
GGBR4,1.42,2021-11-05,2021-11-16,Dividendo,5.64
GGBR4,0.2,2021-11-05,2021-11-16,JCP,0.79
GGBR4,0.38,2021-09-27,2021-11-16,JCP,1.44
GOAU4,1.44,2021-11-05,2021-11-17,Dividendo,12.37
GOAU4,0.12,2021-09-27,2021-11-17,JCP,0.98
GOAU4,0.08,2021-09-27,2021-11-17,Dividendo,0.66
GOAU4,0.11,2021-11-05,2021-11-17,JCP,0.95
ISAE4,0.52,2021-11-03,2021-11-17,Dividendo,2.13
ISAE4,0.78,2021-11-03,2021-11-17,JCP,3.14
RENT3,0.1,2021-09-29,2021-11-22,JCP,0.2
BEEF3,0.34,2021-11-10,2021-11-25,Dividendo,3.34
EGIE3,0.96,2021-08-16,2021-11-29,Dividendo,2.55
BBAS3,0.19,2021-11-22,2021-11-30,JCP,0.67
CPLE6,0.09,2021-09-30,2021-11-30,JCP,1.22
CPLE6,0.45,2021-09-30,2021-11-30,Dividendo,6.08
BBDC3,0.01,2021-11-01,2021-12-01,JCP,0.1
BBDC4,0.01,2021-11-01,2021-12-01,JCP,0.09
ITUB4,0.01,2021-10-29,2021-12-01,JCP,0.07
RADL3,0.02,2021-03-11,2021-12-01,JCP,0.11
RADL3,0.07,2021-11-12,2021-12-01,Dividendo,0.32
SANB11,0.8,2021-11-04,2021-12-03,Dividendo,2.21
YDUQ3,0.46,2021-04-28,2021-12-07,Dividendo,1.57
RADL3,0.03,2021-06-23,2021-12-08,JCP,0.12
MOTV3,0.07,2021-11-30,2021-12-15,Dividendo,0.66
PETR3,2.19,2021-12-01,2021-12-15,Dividendo,7.09
PETR3,1.05,2021-12-01,2021-12-15,JCP,3.41
PETR4,2.19,2021-12-01,2021-12-15,Dividendo,7.2
PETR4,1.05,2021-12-01,2021-12-15,JCP,3.46
RADL3,0.02,2021-12-08,2021-12-15,Dividendo,0.11
CPFE3,0.63,2021-08-31,2021-12-16,Dividendo,2.3
CURY3,0.17,2021-12-07,2021-12-16,Dividendo,2.4
MRVE3,0.16,2021-12-06,2021-12-16,Dividendo,1.35
BRKM5,7.53,2021-12-08,2021-12-20,Dividendo,11.29
CPFE3,0.69,2021-12-09,2021-12-21,Dividendo,2.57
VBBR3,0.12,2021-12-14,2021-12-23,JCP,0.55
VBBR3,0.0,2021-12-14,2021-12-23,Dividendo,0.02
CSAN3,0.37,2021-12-14,2021-12-28,Dividendo,1.64
BRAP4,6.04,2021-12-16,2021-12-29,Dividendo,10.89
CMIG4,0.3,2021-04-30,2021-12-29,Dividendo,2.21
EQTL3,0.72,2021-04-30,2021-12-29,Dividendo,2.95
MRFG3,1.25,2021-12-21,2021-12-29,Dividendo,5.23
RDOR3,0.09,2021-12-17,2021-12-29,JCP,0.21
TAEE11,0.58,2021-12-06,2021-12-29,JCP,1.53
TAEE11,0.93,2021-12-06,2021-12-29,Dividendo,2.43
ABEV3,0.13,2021-12-17,2021-12-30,Dividendo,13.34
ABEV3,0.47,2021-12-17,2021-12-30,JCP,47.02
B3SA3,0.14,2021-12-20,2021-12-30,Dividendo,1.25
BBAS3,0.08,2021-12-13,2021-12-30,JCP,0.27
BBDC3,0.19,2021-12-20,2021-12-30,Dividendo,1.19
BBDC3,0.01,2021-12-20,2021-12-30,JCP,0.12
BBDC4,0.21,2021-12-20,2021-12-30,Dividendo,1.11
BBDC4,0.02,2021-12-20,2021-12-30,JCP,0.11
CMIG4,0.14,2020-12-30,2021-12-30,JCP,0.98
FLRY3,0.09,2021-12-20,2021-12-30,JCP,0.53
STBP3,0.14,2021-12-21,2021-12-30,Dividendo,2.28
USIM5,0.19,2021-12-15,2021-12-30,JCP,1.26
VAMO3,0.04,2021-12-07,2021-12-30,JCP,0.39
VAMO3,0.14,2021-12-07,2021-12-30,Dividendo,1.22
BBDC3,0.01,2021-12-01,2022-01-03,JCP,0.1
BBDC4,0.01,2021-12-01,2022-01-03,JCP,0.09
ITSA4,0.02,2021-11-30,2022-01-03,JCP,0.24
ITUB4,0.01,2021-11-30,2022-01-03,JCP,0.08
BPAC11,0.06,2021-12-20,2022-01-06,JCP,0.31
B3SA3,0.04,2021-12-30,2022-01-07,JCP,0.45
HYPE3,0.3,2021-07-22,2022-01-07,JCP,0.89
HYPE3,0.3,2021-09-27,2022-01-07,JCP,0.97
HYPE3,0.3,2021-03-26,2022-01-07,JCP,0.94
HYPE3,0.3,2021-12-28,2022-01-07,JCP,1.06
AZZA3,0.33,2021-12-03,2022-01-14,JCP,0.45
AZZA3,0.26,2021-12-03,2022-01-14,Dividendo,0.35
ISAE4,0.17,2021-12-22,2022-01-18,JCP,0.71
CMIN3,0.08,2021-12-29,2022-01-20,JCP,1.32
HAPV3,0.08,2021-12-27,2022-01-21,JCP,0.75
TIMS3,0.23,2021-12-20,2022-01-25,JCP,1.79
SUZB3,0.74,2022-01-18,2022-01-27,Dividendo,1.25
BBDC3,0.01,2022-01-03,2022-02-01,JCP,0.1
BBDC4,0.01,2022-01-03,2022-02-01,JCP,0.1
ITUB4,0.01,2021-12-30,2022-02-01,JCP,0.08
SANB11,0.06,2022-01-07,2022-02-03,JCP,0.22
RENT3,0.12,2021-12-17,2022-02-11,JCP,0.22
BPAC11,0.14,2022-01-05,2022-02-15,JCP,0.77
BBSE3,0.91,2022-02-10,2022-02-23,Dividendo,3.76
BBSE3,0.01,2022-02-10,2022-02-23,Rend. Tributado,0.05
KLBN11,0.34,2022-02-14,2022-02-25,Dividendo,1.44
BBDC3,0.01,2022-02-01,2022-03-02,JCP,0.09
BBDC4,0.01,2022-02-01,2022-03-02,JCP,0.08
ENGI11,2.2,2021-12-30,2022-03-02,Dividendo,4.99
ITUB4,0.01,2022-01-31,2022-03-02,JCP,0.07
SANB11,0.34,2022-02-10,2022-03-04,Dividendo,1.09
SANB11,0.45,2022-02-10,2022-03-04,JCP,1.42
BBAS3,0.17,2022-03-02,2022-03-11,Dividendo,0.5
BBAS3,0.0,2022-03-02,2022-03-11,Rend. Tributado,0.01
BBAS3,0.22,2022-03-02,2022-03-11,JCP,0.64
BBAS3,0.0,2022-03-02,2022-03-11,Rend. Tributado,0.01
ITSA4,0.15,2021-11-23,2022-03-11,JCP,1.57
ITSA4,0.13,2022-01-14,2022-03-11,JCP,1.38
ITUB4,0.26,2021-11-19,2022-03-11,JCP,1.18
ITUB4,0.01,2022-02-21,2022-03-11,JCP,0.05
UGPA3,0.17,2022-03-03,2022-03-11,Dividendo,1.18
GGBR4,0.2,2022-03-07,2022-03-16,Dividendo,0.68
VALE3,3.71,2022-03-08,2022-03-16,Dividendo,3.58
WEGE3,0.02,2021-09-24,2022-03-16,JCP,0.05
WEGE3,0.03,2021-12-17,2022-03-16,JCP,0.09
WEGE3,0.2,2022-02-18,2022-03-16,Dividendo,0.69
EGIE3,0.07,2021-12-29,2022-03-17,JCP,0.19
EGIE3,0.78,2022-02-24,2022-03-17,Dividendo,1.93
GOAU4,0.1,2022-03-07,2022-03-17,Dividendo,0.84
RAIZ4,0.01,2021-10-05,2022-03-25,JCP,0.23
RAIZ4,0.02,2022-01-05,2022-03-25,JCP,0.36
BBAS3,0.1,2022-03-14,2022-03-31,JCP,0.31
STBP3,0.03,2022-03-14,2022-03-31,Dividendo,0.6
BBDC3,0.01,2022-03-02,2022-04-01,JCP,0.1
BBDC4,0.01,2022-03-02,2022-04-01,JCP,0.1
ITSA4,0.02,2021-12-13,2022-04-01,JCP,0.24
ITUB4,0.01,2022-02-25,2022-04-01,JCP,0.07
FLRY3,0.7,2022-03-22,2022-04-04,Dividendo,4.22
POMO4,0.07,2021-07-05,2022-04-04,JCP,1.94
POMO4,0.03,2021-12-28,2022-04-04,JCP,1.27
B3SA3,0.13,2022-03-24,2022-04-08,Dividendo,0.88
B3SA3,0.05,2022-03-24,2022-04-08,JCP,0.34
PSSA3,0.69,2021-07-29,2022-04-11,JCP,1.34
PSSA3,0.27,2021-10-29,2022-04-11,JCP,1.17
RDOR3,0.09,2022-03-31,2022-04-12,JCP,0.2
MRFG3,0.58,2022-04-13,2022-04-22,Dividendo,2.82
RAIZ4,0.02,2022-04-05,2022-04-27,JCP,0.39
TIMS3,0.08,2022-03-28,2022-04-27,JCP,0.57
CXSE3,0.29,2022-04-20,2022-04-29,Dividendo,3.52
MOTV3,0.08,2022-04-19,2022-04-29,Dividendo,0.65
BBDC3,0.01,2022-04-01,2022-05-02,JCP,0.09
BBDC4,0.01,2022-04-01,2022-05-02,JCP,0.09
BRKM5,1.69,2022-04-19,2022-05-02,Dividendo,4.03
ITUB4,0.01,2022-03-31,2022-05-02,JCP,0.06
LREN3,0.09,2021-06-25,2022-05-04,JCP,0.22
LREN3,0.12,2021-09-21,2022-05-04,JCP,0.36
LREN3,0.12,2021-12-21,2022-05-04,JCP,0.52
LREN3,0.07,2021-03-18,2022-05-04,JCP,0.18
MGLU3,0.15,2021-07-05,2022-05-06,JCP,0.73
BEEF3,0.34,2022-04-27,2022-05-09,Dividendo,2.58
BRAP4,1.57,2022-04-29,2022-05-10,Dividendo,5.16
IGTI11,0.11,2022-04-29,2022-05-10,Dividendo,0.54
RECV3,0.16,2022-04-27,2022-05-10,Dividendo,0.68
STBP3,0.11,2021-12-21,2022-05-10,JCP,1.75
CPFE3,0.94,2022-04-29,2022-05-11,Dividendo,2.62
SUZB3,0.59,2022-05-04,2022-05-13,Dividendo,1.16
VIVA3,0.27,2021-12-27,2022-05-13,JCP,1.12
VIVA3,0.05,2022-04-29,2022-05-13,Dividendo,0.21
PETR3,0.1,2022-04-13,2022-05-16,Rend. Tributado,0.32
PETR3,2.86,2022-04-13,2022-05-16,Dividendo,7.71
PETR4,0.1,2022-04-13,2022-05-16,Rend. Tributado,0.35
PETR4,2.86,2022-04-13,2022-05-16,Dividendo,8.37
SANB11,0.18,2022-04-20,2022-05-16,Dividendo,0.53
SANB11,0.26,2022-04-20,2022-05-16,JCP,0.76
KLBN11,0.31,2022-05-06,2022-05-18,Dividendo,1.4
SLCE3,1.21,2022-04-29,2022-05-18,Dividendo,2.29
AURE3,0.01,2022-05-03,2022-05-19,Dividendo,0.1
AURE3,0.04,2022-05-03,2022-05-19,Dividendo,0.3
AURE3,0.04,2022-05-03,2022-05-19,Dividendo,0.31
CMIN3,0.45,2022-04-29,2022-05-19,Dividendo,8.84
ALOS3,0.38,2022-05-02,2022-05-20,Dividendo,1.88
CSAN3,0.42,2022-05-05,2022-05-20,Dividendo,2.16
CSNA3,0.19,2022-01-04,2022-05-20,JCP,0.78
CSNA3,0.34,2022-04-29,2022-05-20,Dividendo,1.67
RENT3,0.14,2022-03-29,2022-05-20,JCP,0.23
RENT3,0.27,2022-04-29,2022-05-20,Dividendo,0.5
TOTS3,0.13,2021-12-28,2022-05-20,JCP,0.45
GGBR4,0.57,2022-05-16,2022-05-25,JCP,2.02
GOAU4,0.2,2022-05-16,2022-05-26,JCP,1.7
GOAU4,0.09,2022-05-16,2022-05-26,Dividendo,0.77
VBBR3,0.11,2022-04-28,2022-05-30,Dividendo,0.54
BBAS3,0.07,2022-05-23,2022-05-31,Dividendo,0.21
BBAS3,0.25,2022-05-23,2022-05-31,JCP,0.68
RADL3,0.03,2021-11-12,2022-05-31,JCP,0.14
RADL3,0.03,2021-12-08,2022-05-31,Dividendo,0.15
RAIL3,0.01,2022-04-27,2022-05-31,Dividendo,0.11
TAEE11,2.32,2022-05-09,2022-05-31,Dividendo,5.16
BBDC3,0.01,2022-05-02,2022-06-01,JCP,0.12
BBDC4,0.01,2022-05-02,2022-06-01,JCP,0.11
ITUB4,0.01,2022-04-29,2022-06-01,JCP,0.07
CPFE3,0.34,2022-04-29,2022-06-14,Dividendo,0.96
PCAR3,0.35,2022-04-27,2022-06-15,JCP,1.65
PETR3,1.42,2022-05-23,2022-06-20,Dividendo,3.65
PETR3,0.43,2022-05-23,2022-06-20,JCP,1.1
PETR4,1.42,2022-05-23,2022-06-20,Dividendo,3.94
PETR4,0.43,2022-05-23,2022-06-20,JCP,1.19
ASAI3,0.12,2022-04-28,2022-06-27,Dividendo,0.81
SBSP3,0.94,2022-04-28,2022-06-27,JCP,2.03
USIM5,0.62,2022-04-28,2022-06-27,Dividendo,5.11
BBAS3,0.12,2022-06-13,2022-06-30,JCP,0.37
BBDC3,0.17,2022-06-20,2022-06-30,JCP,1.14
BBDC4,0.19,2022-06-20,2022-06-30,JCP,1.04
CMIG4,0.28,2021-12-21,2022-06-30,JCP,2.03
CMIG4,0.29,2022-04-29,2022-06-30,Dividendo,2.76
CPFE3,0.32,2022-04-29,2022-06-30,Dividendo,0.9
CPLE6,0.1,2021-12-30,2022-06-30,JCP,1.66
CPLE6,0.51,2022-04-29,2022-06-30,Dividendo,6.97
BBDC3,0.01,2022-06-01,2022-07-01,JCP,0.1
BBDC4,0.01,2022-06-01,2022-07-01,JCP,0.09
ITSA4,0.02,2022-05-31,2022-07-01,JCP,0.25
ITUB4,0.01,2022-05-31,2022-07-01,JCP,0.07
MRVE3,0.19,2022-06-23,2022-07-05,Dividendo,2.42
B3SA3,0.06,2022-06-28,2022-07-08,Dividendo,0.6
B3SA3,0.06,2022-06-28,2022-07-08,JCP,0.52
LREN3,0.14,2022-03-22,2022-07-11,JCP,0.58
LREN3,0.16,2022-06-28,2022-07-11,JCP,0.7
EGIE3,0.67,2022-05-11,2022-07-12,Dividendo,1.58
AZZA3,0.63,2022-07-01,2022-07-14,JCP,0.93
RDOR3,0.11,2022-07-06,2022-07-15,JCP,0.37
VIVT3,0.08,2021-04-30,2022-07-19,JCP,0.19
VIVT3,0.18,2021-06-30,2022-07-19,JCP,0.44
VIVT3,0.04,2021-02-26,2022-07-19,JCP,0.1
VIVT3,0.17,2021-09-30,2022-07-19,JCP,0.42
VIVT3,0.24,2021-12-27,2022-07-19,JCP,0.48
VIVT3,0.08,2021-03-31,2022-07-19,JCP,0.18
PETR3,1.85,2022-05-23,2022-07-20,Dividendo,4.88
PETR4,1.85,2022-05-23,2022-07-20,Dividendo,5.24
TIMS3,0.11,2022-06-23,2022-07-20,JCP,0.89
DIRR3,0.15,2022-07-14,2022-07-25,Dividendo,1.33
BBDC3,0.01,2022-07-01,2022-08-01,JCP,0.12
BBDC4,0.01,2022-07-01,2022-08-01,JCP,0.11
ITUB4,0.01,2022-06-30,2022-08-01,JCP,0.08
IGTI11,0.11,2022-04-29,2022-08-10,Dividendo,0.54
UGPA3,0.41,2022-05-23,2022-08-10,JCP,3.04
KLBN11,0.36,2022-08-01,2022-08-11,Dividendo,1.8
BPAC11,0.31,2022-08-04,2022-08-15,JCP,1.29
WEGE3,0.03,2022-03-25,2022-08-17,JCP,0.11
WEGE3,0.04,2022-06-24,2022-08-17,JCP,0.16
WEGE3,0.13,2022-07-22,2022-08-17,Dividendo,0.52
GGBR4,0.71,2022-08-15,2022-08-25,Dividendo,2.78
GOAU4,0.36,2022-08-15,2022-08-26,Dividendo,3.36
RENT3,0.17,2022-06-30,2022-08-26,JCP,0.34
TAEE11,0.57,2022-08-15,2022-08-26,JCP,1.33
TAEE11,0.89,2022-08-15,2022-08-26,Dividendo,2.07
BBSE3,1.03,2022-08-17,2022-08-29,Dividendo,3.41
BEEF3,0.21,2022-08-17,2022-08-29,Dividendo,1.53
ITSA4,0.11,2022-03-24,2022-08-30,JCP,1.04
ITSA4,0.01,2022-08-18,2022-08-30,JCP,0.11
ITUB4,0.3,2022-08-18,2022-08-30,JCP,1.12
BBAS3,0.1,2022-08-22,2022-08-31,Dividendo,0.24
BBAS3,0.28,2022-08-22,2022-08-31,JCP,0.7
BBAS3,0.0,2022-08-22,2022-08-31,Rend. Tributado,0.01
BBAS3,0.0,2022-08-22,2022-08-31,Rend. Tributado,0.02
PETR3,2.93,2022-08-11,2022-08-31,Dividendo,7.35
PETR3,0.42,2022-08-11,2022-08-31,JCP,1.32
PETR4,2.93,2022-08-11,2022-08-31,Dividendo,7.83
PETR4,0.42,2022-08-11,2022-08-31,JCP,1.44
BBDC3,0.01,2022-08-01,2022-09-01,JCP,0.12
BBDC4,0.01,2022-08-01,2022-09-01,JCP,0.11
ENGI11,1.16,2022-08-23,2022-09-01,Dividendo,2.49
ITUB4,0.01,2022-07-29,2022-09-01,JCP,0.07
VALE3,2.03,2022-08-11,2022-09-01,Dividendo,2.88
VALE3,1.53,2022-08-11,2022-09-01,JCP,2.18
SANB11,0.45,2022-08-12,2022-09-06,JCP,1.5
ELET3,0.71,2022-04-22,2022-09-09,Dividendo,1.78
ELET3,0.05,2022-04-22,2022-09-09,Rend. Tributado,0.14
ELET6,1.49,2022-04-22,2022-09-09,Dividendo,3.68
ELET6,0.12,2022-04-22,2022-09-09,Rend. Tributado,0.3
MRFG3,0.75,2022-08-19,2022-09-15,Dividendo,4.89
STBP3,0.37,2022-09-08,2022-09-16,Dividendo,4.35
PETR3,3.36,2022-08-11,2022-09-20,Dividendo,8.42
PETR4,3.36,2022-08-11,2022-09-20,Dividendo,8.97
TOTS3,0.1,2022-08-04,2022-09-23,JCP,0.36
BBAS3,0.13,2022-09-12,2022-09-30,JCP,0.33
CURY3,0.51,2022-04-29,2022-09-30,Dividendo,7.03
RDOR3,0.11,2022-09-21,2022-09-30,JCP,0.34
BBDC3,0.01,2022-09-01,2022-10-03,JCP,0.11
BBDC4,0.01,2022-09-01,2022-10-03,JCP,0.1
ITSA4,0.02,2022-08-31,2022-10-03,JCP,0.25
ITUB4,0.01,2022-08-31,2022-10-03,JCP,0.07
MRVE3,0.19,2022-09-21,2022-10-04,Dividendo,1.57
LREN3,0.17,2022-09-27,2022-10-06,JCP,0.61
B3SA3,0.05,2022-09-22,2022-10-07,JCP,0.41
B3SA3,0.02,2022-09-22,2022-10-07,Dividendo,0.21
RAIZ4,0.03,2022-09-30,2022-10-13,Dividendo,0.77
VIVT3,0.6,2022-04-26,2022-10-18,Dividendo,1.12
VIVT3,0.44,2021-12-27,2022-10-18,Dividendo,0.89
MULT3,0.49,2021-12-28,2022-10-25,JCP,2.6
TIMS3,0.09,2022-09-21,2022-10-31,JCP,0.82
BBDC3,0.01,2022-10-03,2022-11-01,JCP,0.1
BBDC4,0.01,2022-10-03,2022-11-01,JCP,0.09
ITUB4,0.01,2022-09-30,2022-11-01,JCP,0.06
RENT3,0.35,2022-09-28,2022-11-09,JCP,0.58
IGTI11,0.11,2022-04-29,2022-11-10,Dividendo,0.54
CXSE3,0.35,2022-11-03,2022-11-11,Dividendo,3.95
KLBN11,0.2,2022-10-31,2022-11-14,JCP,0.92
KLBN11,0.25,2022-10-31,2022-11-14,Dividendo,1.17
BRAP4,0.81,2022-11-09,2022-11-21,Dividendo,3.08
BRAP4,0.7,2022-11-09,2022-11-21,JCP,2.68
CMIN3,0.12,2022-11-10,2022-11-22,JCP,3.11
CMIN3,0.32,2022-11-10,2022-11-22,Dividendo,8.06
SANB11,0.22,2022-10-21,2022-11-22,Dividendo,0.73
SANB11,0.23,2022-10-21,2022-11-22,JCP,0.79
STBP3,0.07,2022-11-10,2022-11-23,Dividendo,0.92
PSSA3,0.03,2022-03-31,2022-11-29,Dividendo,0.18
PSSA3,0.41,2022-03-31,2022-11-29,Dividendo,1.94
BBAS3,0.08,2022-11-21,2022-11-30,Dividendo,0.24
BBAS3,0.31,2022-11-21,2022-11-30,JCP,0.91
CPLE6,0.22,2022-11-21,2022-11-30,JCP,2.61
MOTV3,0.29,2022-11-01,2022-11-30,Dividendo,2.28
STBP3,0.15,2022-11-10,2022-11-30,JCP,1.84
BBDC3,0.01,2022-11-01,2022-12-01,JCP,0.1
BBDC4,0.01,2022-11-01,2022-12-01,JCP,0.09
ITUB4,0.01,2022-10-31,2022-12-01,JCP,0.06
RADL3,0.04,2022-04-04,2022-12-01,JCP,0.17
RADL3,0.04,2022-07-05,2022-12-01,JCP,0.24
RADL3,0.06,2022-10-05,2022-12-01,Dividendo,0.27
CSNA3,0.34,2022-04-29,2022-12-02,Dividendo,1.67
CSNA3,1.17,2022-11-25,2022-12-02,Dividendo,7.73
TAEE11,0.13,2022-11-14,2022-12-05,Dividendo,0.32
TAEE11,0.32,2022-11-14,2022-12-05,Dividendo,0.82
TAEE11,0.6,2022-11-14,2022-12-05,JCP,1.49
YDUQ3,0.12,2022-04-28,2022-12-06,Dividendo,0.75
EGIE3,0.7,2022-08-16,2022-12-12,Dividendo,1.65
EGIE3,0.57,2022-11-21,2022-12-12,Dividendo,1.44
RECV3,0.61,2022-12-01,2022-12-13,JCP,2.01
CYRE3,0.56,2022-04-22,2022-12-14,Dividendo,3.78
GGBR4,0.42,2022-11-21,2022-12-14,JCP,1.41
GGBR4,1.73,2022-11-21,2022-12-14,Dividendo,5.82
CPFE3,1.62,2022-04-29,2022-12-15,Dividendo,4.48
GOAU4,0.23,2022-11-21,2022-12-15,JCP,1.8
GOAU4,0.27,2022-11-21,2022-12-15,Dividendo,2.11
RAIZ4,0.08,2022-12-07,2022-12-15,Dividendo,2.43
PETR3,1.15,2022-11-21,2022-12-20,Dividendo,3.72
PETR3,0.51,2022-11-21,2022-12-20,JCP,1.92
PETR4,1.15,2022-11-21,2022-12-20,Dividendo,4.22
PETR4,0.51,2022-11-21,2022-12-20,JCP,2.21
SUZB3,1.79,2022-12-16,2022-12-27,Dividendo,3.48
AZZA3,0.45,2022-04-29,2022-12-28,Dividendo,0.51
MRFG3,0.9,2022-12-19,2022-12-28,Dividendo,11.44
RDOR3,0.08,2022-12-19,2022-12-28,JCP,0.32
ABEV3,0.76,2022-12-19,2022-12-29,JCP,5.03
B3SA3,0.02,2022-12-22,2022-12-29,Dividendo,0.2
BBAS3,0.17,2022-12-12,2022-12-29,JCP,0.49
CMIG4,0.28,2021-12-21,2022-12-29,JCP,2.03
CMIG4,0.14,2022-03-28,2022-12-29,JCP,0.97
CMIG4,0.29,2022-04-29,2022-12-29,Dividendo,2.76
EQTL3,0.64,2022-04-29,2022-12-29,Dividendo,2.5
FLRY3,0.29,2022-12-19,2022-12-29,JCP,1.88
VBBR3,0.34,2022-09-21,2022-12-29,JCP,1.83
BBDC3,0.01,2022-12-01,2023-01-02,JCP,0.13
BBDC4,0.01,2022-12-01,2023-01-02,JCP,0.12
HYPE3,0.3,2022-03-28,2023-01-02,JCP,0.8
HYPE3,0.3,2022-09-28,2023-01-02,JCP,0.68
HYPE3,0.3,2022-06-27,2023-01-02,JCP,0.8
HYPE3,0.3,2022-12-22,2023-01-02,JCP,0.69
ITSA4,0.02,2022-11-30,2023-01-02,JCP,0.27
ITUB4,0.01,2022-11-30,2023-01-02,JCP,0.07
LREN3,0.18,2022-12-21,2023-01-06,JCP,0.86
DIRR3,0.23,2022-12-16,2023-01-09,Dividendo,1.59
B3SA3,0.06,2022-12-29,2023-01-13,JCP,0.48
SLCE3,0.17,2022-12-26,2023-01-13,JCP,0.38
STBP3,0.01,2022-12-20,2023-01-16,JCP,0.2
PETR3,0.01,2022-11-21,2023-01-19,Rend. Tributado,0.04
PETR3,0.0,2022-11-21,2023-01-19,Rend. Tributado,0.0
PETR3,0.07,2022-11-21,2023-01-19,JCP,0.25
PETR3,1.6,2022-11-21,2023-01-19,Dividendo,5.33
PETR4,0.01,2022-11-21,2023-01-19,Rend. Tributado,0.05
PETR4,0.0,2022-11-21,2023-01-19,Rend. Tributado,0.0
PETR4,0.07,2022-11-21,2023-01-19,JCP,0.28
PETR4,1.6,2022-11-21,2023-01-19,Dividendo,6.05
TAEE11,1.33,2023-01-10,2023-01-23,Dividendo,3.73
TIMS3,0.18,2022-12-21,2023-01-24,JCP,1.5
TOTS3,0.21,2022-12-29,2023-01-27,JCP,0.75
AZZA3,0.74,2022-12-16,2023-01-30,JCP,0.99
TIMS3,0.1,2022-09-21,2023-01-31,JCP,0.86
BBDC3,0.01,2023-01-02,2023-02-01,JCP,0.13
BBDC4,0.01,2023-01-02,2023-02-01,JCP,0.13
ITUB4,0.01,2022-12-29,2023-02-01,JCP,0.07
RENT3,0.36,2022-12-21,2023-02-13,JCP,0.69
BPAC11,0.19,2022-12-16,2023-02-15,JCP,0.92
BPAC11,0.14,2023-01-04,2023-02-15,JCP,0.68
CURY3,0.2,2023-01-24,2023-02-16,Dividendo,1.62
ASAI3,0.03,2022-12-28,2023-02-17,JCP,0.19
KLBN11,0.03,2022-12-20,2023-02-22,JCP,0.17
KLBN11,0.31,2023-02-13,2023-02-24,Dividendo,1.6
VBBR3,0.39,2022-12-21,2023-02-28,JCP,2.57
BBDC3,0.01,2023-02-01,2023-03-01,JCP,0.14
BBDC4,0.01,2023-02-01,2023-03-01,JCP,0.14
BBSE3,1.83,2023-02-14,2023-03-01,Dividendo,5.05
BBSE3,0.03,2023-02-14,2023-03-01,Rend. Tributado,0.11
ITUB4,0.01,2023-01-31,2023-03-01,JCP,0.07
BBAS3,0.11,2023-02-23,2023-03-03,Dividendo,0.28
BBAS3,0.28,2023-02-23,2023-03-03,JCP,0.69
BBAS3,0.0,2023-02-23,2023-03-03,Rend. Tributado,0.01
BBAS3,0.0,2023-02-23,2023-03-03,Rend. Tributado,0.02
UGPA3,0.1,2023-02-23,2023-03-03,Dividendo,0.74
SANB11,0.45,2023-01-26,2023-03-06,JCP,1.58
BBDC3,0.53,2023-01-06,2023-03-08,JCP,4.03
BBDC4,0.58,2023-01-06,2023-03-08,JCP,3.98
ITSA4,0.14,2022-12-08,2023-03-10,JCP,1.66
ITUB4,0.48,2022-12-08,2023-03-10,JCP,1.9
IGTI11,0.09,2023-03-03,2023-03-15,Dividendo,0.49
WEGE3,0.04,2022-09-23,2023-03-15,JCP,0.14
WEGE3,0.22,2023-02-17,2023-03-15,Dividendo,0.58
WEGE3,0.05,2022-12-16,2023-03-15,JCP,0.15
VALE3,1.82,2023-03-13,2023-03-22,Dividendo,2.15
VALE3,0.29,2022-12-12,2023-03-22,JCP,0.33
GGBR4,0.2,2023-03-14,2023-03-23,Dividendo,0.74
GOAU4,0.1,2023-03-14,2023-03-24,Dividendo,0.83
RAIZ4,0.08,2023-03-16,2023-03-27,Dividendo,3.29
ENGI11,0.8,2023-03-21,2023-03-30,Dividendo,2.17
BBAS3,0.17,2023-03-13,2023-03-31,JCP,0.46
BBDC3,0.01,2023-03-01,2023-04-03,JCP,0.15
BBDC4,0.01,2023-03-01,2023-04-03,JCP,0.15
ITSA4,0.02,2023-02-28,2023-04-03,JCP,0.28
ITUB4,0.01,2023-02-28,2023-04-03,JCP,0.07
POMO4,0.14,2022-12-26,2023-04-04,JCP,5.2
POMO4,0.09,2023-03-06,2023-04-04,Dividendo,2.75
VAMO3,0.26,2022-12-26,2023-04-04,JCP,2.09
B3SA3,0.03,2023-02-23,2023-04-10,Dividendo,0.34
B3SA3,0.06,2023-03-28,2023-04-10,JCP,0.57
ISAE4,1.06,2022-12-26,2023-04-11,JCP,4.46
PSSA3,0.62,2022-08-30,2023-04-11,JCP,2.78
TIMS3,0.24,2023-04-10,2023-04-18,Dividendo,1.91
VIVT3,0.14,2022-06-30,2023-04-18,JCP,0.31
VIVT3,0.07,2022-03-31,2023-04-18,JCP,0.14
VIVT3,0.04,2022-04-29,2023-04-18,JCP,0.09
VIVT3,0.05,2022-02-25,2023-04-18,JCP,0.11
VIVT3,0.08,2022-08-31,2023-04-18,JCP,0.21
VIVT3,0.21,2022-12-29,2023-04-18,JCP,0.56
BBDC3,0.01,2023-04-03,2023-05-02,JCP,0.15
BBDC4,0.01,2023-04-03,2023-05-02,JCP,0.15
BEEF3,0.35,2023-04-18,2023-05-02,Dividendo,3.91
ITUB4,0.01,2023-03-31,2023-05-02,JCP,0.07
MOTV3,0.03,2023-04-19,2023-05-02,Dividendo,0.28
RECV3,0.44,2023-04-26,2023-05-05,Dividendo,2.37
CXSE3,0.5,2023-04-27,2023-05-08,Dividendo,5.31
CXSE3,0.01,2023-04-27,2023-05-08,Rend. Tributado,0.11
TIMS3,0.09,2023-04-25,2023-05-09,JCP,0.69
AURE3,1.5,2023-05-04,2023-05-15,Dividendo,9.52
BRAP4,0.17,2022-12-26,2023-05-15,JCP,0.58
BRAP4,1.23,2023-04-27,2023-05-15,Dividendo,5.3
SANB11,0.4,2023-04-24,2023-05-15,JCP,1.51
STBP3,0.03,2023-04-18,2023-05-15,Dividendo,0.41
STBP3,0.01,2023-05-03,2023-05-15,Dividendo,0.18
CPFE3,0.86,2023-04-28,2023-05-16,Dividendo,2.8
KLBN11,0.35,2023-05-05,2023-05-16,Dividendo,1.77
CMIN3,0.01,2022-12-28,2023-05-17,JCP,0.39
CMIN3,0.11,2023-04-28,2023-05-17,Dividendo,2.55
CMIN3,0.28,2023-05-08,2023-05-17,Dividendo,6.08
CMIN3,0.05,2023-05-08,2023-05-17,JCP,1.1
CSNA3,0.52,2022-12-28,2023-05-17,JCP,3.62
CSNA3,0.63,2023-04-28,2023-05-17,Dividendo,4.44
CSNA3,0.58,2023-04-28,2023-05-17,Dividendo,4.12
SLCE3,1.29,2023-05-04,2023-05-18,Dividendo,2.92
PETR3,0.06,2023-04-27,2023-05-19,Rend. Tributado,0.26
PETR3,1.37,2023-04-27,2023-05-19,Dividendo,5.27
PETR4,0.06,2023-04-27,2023-05-19,Rend. Tributado,0.29
PETR4,1.37,2023-04-27,2023-05-19,Dividendo,5.9
RENT3,0.36,2023-03-28,2023-05-19,JCP,0.71
ALOS3,0.25,2023-04-28,2023-05-24,Dividendo,1.43
CURY3,0.06,2023-04-28,2023-05-25,Dividendo,0.51
ELET3,0.22,2023-04-27,2023-05-25,Dividendo,0.65
ELET6,1.49,2023-04-27,2023-05-25,Dividendo,4.06
VIVA3,0.36,2023-04-27,2023-05-26,Dividendo,1.8
GGBR4,0.51,2023-05-15,2023-05-29,JCP,2.06
GOAU4,0.05,2023-05-15,2023-05-30,Dividendo,0.44
GOAU4,0.25,2023-05-15,2023-05-30,JCP,2.19
CSAN3,0.42,2023-05-18,2023-05-31,Dividendo,2.65
RADL3,0.04,2022-10-05,2023-05-31,JCP,0.21
RADL3,0.04,2023-04-24,2023-05-31,Dividendo,0.19
RADL3,0.05,2022-12-07,2023-05-31,JCP,0.23
RAIL3,0.06,2023-04-19,2023-05-31,Dividendo,0.34
BBDC3,0.01,2023-05-02,2023-06-01,JCP,0.14
BBDC4,0.01,2023-05-02,2023-06-01,JCP,0.14
ITUB4,0.01,2023-04-28,2023-06-01,JCP,0.07
EQTL3,0.35,2023-04-28,2023-06-09,Dividendo,1.3
BBAS3,0.32,2023-06-01,2023-06-12,JCP,0.73
BBAS3,0.06,2023-06-01,2023-06-12,Dividendo,0.14
IGTI11,0.09,2023-04-20,2023-06-15,Dividendo,0.47
PETR3,0.05,2023-04-27,2023-06-16,Rend. Tributado,0.21
PETR3,0.87,2023-04-27,2023-06-16,Dividendo,3.36
PETR4,0.05,2023-04-27,2023-06-16,Rend. Tributado,0.24
PETR4,0.87,2023-04-27,2023-06-16,Dividendo,3.76
MULT3,0.24,2022-06-24,2023-06-20,JCP,1.07
CPFE3,0.54,2023-04-28,2023-06-23,Dividendo,1.74
ASAI3,0.05,2023-04-27,2023-06-26,Dividendo,0.41
SBSP3,1.27,2023-05-12,2023-06-26,JCP,2.52
USIM5,0.32,2023-04-27,2023-06-27,Dividendo,4.84
BBAS3,0.16,2023-06-12,2023-06-30,JCP,0.35
CMIG4,0.1,2022-09-23,2023-06-30,JCP,0.91
CMIG4,0.08,2022-06-24,2023-06-30,JCP,0.75
CMIG4,0.09,2022-12-21,2023-06-30,JCP,0.83
CMIG4,0.11,2022-12-27,2023-06-30,JCP,1.07
CMIG4,0.05,2023-04-27,2023-06-30,Dividendo,0.46
CPLE6,0.14,2022-11-21,2023-06-30,JCP,1.61
BBDC3,0.01,2023-06-01,2023-07-03,JCP,0.13
BBDC4,0.01,2023-06-01,2023-07-03,JCP,0.12
ITSA4,0.02,2023-05-31,2023-07-03,JCP,0.27
ITUB4,0.01,2023-05-31,2023-07-03,JCP,0.07
VAMO3,0.01,2023-05-05,2023-07-05,Dividendo,0.15
BBDC3,0.17,2023-06-26,2023-07-06,JCP,1.22
BBDC4,0.19,2023-06-26,2023-07-06,JCP,1.19
B3SA3,0.06,2023-06-27,2023-07-07,JCP,0.44
B3SA3,0.05,2023-06-27,2023-07-07,Dividendo,0.39
TIMS3,0.11,2023-06-22,2023-07-12,JCP,0.82
VIVT3,0.24,2023-04-13,2023-07-18,Dividendo,0.61
VIVT3,0.3,2022-12-29,2023-07-18,Dividendo,0.78
POMO4,0.07,2023-07-11,2023-07-20,JCP,1.4
ALOS3,0.25,2023-04-28,2023-07-26,Dividendo,1.43
EGIE3,0.24,2022-12-22,2023-07-26,JCP,0.64
STBP3,0.04,2023-07-14,2023-07-31,JCP,0.44
STBP3,0.0,2023-07-14,2023-07-31,Dividendo,0.08
BBDC3,0.01,2023-07-03,2023-08-01,JCP,0.12
BBDC4,0.01,2023-07-03,2023-08-01,JCP,0.11
ITUB4,0.01,2023-06-30,2023-08-01,JCP,0.06
RAIZ4,0.02,2023-07-26,2023-08-04,Dividendo,0.58
RENT3,0.34,2023-06-30,2023-08-14,JCP,0.51
BPAC11,0.4,2023-08-04,2023-08-15,JCP,1.23
KLBN11,0.24,2023-08-04,2023-08-15,Dividendo,1.05
SANB11,0.4,2023-07-20,2023-08-16,JCP,1.36
WEGE3,0.05,2023-06-23,2023-08-16,JCP,0.16
WEGE3,0.05,2023-03-17,2023-08-16,JCP,0.13
WEGE3,0.14,2023-07-21,2023-08-16,Dividendo,0.38
PETR3,0.27,2023-06-12,2023-08-18,Dividendo,0.82
PETR3,0.66,2023-06-12,2023-08-18,JCP,1.98
PETR4,0.66,2023-06-12,2023-08-18,JCP,2.2
PETR4,0.27,2023-06-12,2023-08-18,Dividendo,0.92
CYRE3,0.51,2023-05-02,2023-08-21,Dividendo,3.45
BEEF3,0.19,2023-08-14,2023-08-23,Dividendo,1.89
ITSA4,0.07,2023-03-23,2023-08-25,JCP,0.97
ITSA4,0.11,2023-06-22,2023-08-25,JCP,1.17
ITUB4,0.26,2023-03-23,2023-08-25,JCP,1.09
ITUB4,0.26,2023-06-19,2023-08-25,JCP,0.92
TOTS3,0.23,2023-07-27,2023-08-25,JCP,0.79
UGPA3,0.25,2023-08-17,2023-08-25,Dividendo,1.36
BBSE3,1.6,2023-08-16,2023-08-28,Dividendo,4.92
ENGI11,0.7,2023-08-15,2023-08-29,Dividendo,1.47
GGBR4,0.43,2023-08-18,2023-08-29,Dividendo,1.69
TAEE11,0.07,2023-05-03,2023-08-29,Dividendo,0.21
TAEE11,0.28,2023-08-07,2023-08-29,Dividendo,0.78
TAEE11,0.62,2023-08-07,2023-08-29,JCP,1.73
BBAS3,0.0,2023-08-21,2023-08-30,Rend. Tributado,0.0
BBAS3,0.0,2023-08-21,2023-08-30,Rend. Tributado,0.01
BBAS3,0.07,2023-08-21,2023-08-30,Dividendo,0.15
BBAS3,0.32,2023-08-21,2023-08-30,JCP,0.69
GOAU4,0.26,2023-08-18,2023-08-30,Dividendo,2.16
STBP3,0.06,2023-08-10,2023-08-31,Dividendo,0.61
STBP3,0.04,2023-08-10,2023-08-31,JCP,0.43
AZZA3,0.84,2023-06-30,2023-09-01,JCP,1.08
BBDC3,0.01,2023-08-01,2023-09-01,JCP,0.12
BBDC4,0.01,2023-08-01,2023-09-01,JCP,0.11
ITUB4,0.01,2023-07-31,2023-09-01,JCP,0.06
VALE3,1.91,2023-08-11,2023-09-01,JCP,3.0
IGTI11,0.09,2023-04-20,2023-09-15,Dividendo,0.47
MULT3,0.17,2022-09-27,2023-09-20,JCP,0.7
PETR3,0.94,2023-06-12,2023-09-20,Dividendo,2.92
PETR4,0.94,2023-06-12,2023-09-20,Dividendo,3.26
EGIE3,1.78,2023-05-08,2023-09-26,Dividendo,4.1
BBAS3,0.16,2023-09-11,2023-09-29,JCP,0.36
BBDC3,0.01,2023-09-01,2023-10-02,JCP,0.13
BBDC4,0.01,2023-09-01,2023-10-02,JCP,0.13
ITSA4,0.05,2022-11-18,2023-10-02,JCP,0.57
ITSA4,0.04,2022-12-08,2023-10-02,JCP,0.52
ITSA4,0.04,2022-08-18,2023-10-02,JCP,0.52
ITSA4,0.02,2023-08-17,2023-10-02,JCP,0.25
ITUB4,0.01,2023-08-31,2023-10-02,JCP,0.06
CURY3,0.51,2023-09-22,2023-10-03,Dividendo,3.3
LREN3,0.18,2023-06-27,2023-10-05,JCP,0.86
LREN3,0.18,2023-03-21,2023-10-05,JCP,1.04
B3SA3,0.04,2023-09-21,2023-10-06,Dividendo,0.39
B3SA3,0.05,2023-09-21,2023-10-06,JCP,0.44
VIVT3,0.08,2023-03-31,2023-10-18,JCP,0.22
VIVT3,0.03,2023-02-28,2023-10-18,JCP,0.08
POMO4,0.07,2023-10-05,2023-10-19,JCP,1.25
TIMS3,0.17,2023-09-22,2023-10-23,JCP,1.16
CPFE3,0.26,2023-04-28,2023-10-25,Dividendo,0.84
RAIZ4,0.02,2023-10-17,2023-10-26,Dividendo,0.7
RDOR3,0.18,2023-10-16,2023-10-27,JCP,0.8
SMFT3,0.35,2023-10-11,2023-10-27,JCP,1.62
FLRY3,0.16,2023-09-04,2023-10-31,JCP,1.13
BBDC3,0.01,2023-10-02,2023-11-01,JCP,0.14
BBDC4,0.01,2023-10-02,2023-11-01,JCP,0.13
ITUB4,0.01,2023-09-29,2023-11-01,JCP,0.06
CXSE3,0.5,2023-10-24,2023-11-06,Dividendo,4.51
SANB11,0.1,2023-10-19,2023-11-10,Dividendo,0.38
SANB11,0.3,2023-10-19,2023-11-10,JCP,1.13
STBP3,0.02,2023-10-30,2023-11-13,Dividendo,0.37
STBP3,0.08,2023-10-30,2023-11-13,Dividendo,1.19
STBP3,0.04,2023-10-30,2023-11-13,JCP,0.57
KLBN11,0.28,2023-10-27,2023-11-14,JCP,1.29
CPFE3,0.17,2023-08-17,2023-11-17,Dividendo,0.5
CPFE3,0.43,2023-04-28,2023-11-17,Dividendo,1.43
RENT3,0.4,2023-09-27,2023-11-20,JCP,0.72
RENT3,0.4,2023-09-27,2023-11-20,JCP,0.73
PETR3,0.36,2023-08-21,2023-11-21,JCP,1.07
PETR3,0.2,2023-08-21,2023-11-21,Dividendo,0.61
PETR4,0.36,2023-08-21,2023-11-21,JCP,1.17
PETR4,0.2,2023-08-21,2023-11-21,Dividendo,0.67
AZZA3,0.29,2023-11-10,2023-11-28,Dividendo,0.51
AZZA3,0.4,2023-11-10,2023-11-28,JCP,0.7
AZZA3,0.38,2023-11-10,2023-11-28,JCP,0.65
CMIN3,0.24,2023-11-20,2023-11-28,Dividendo,3.62
CSNA3,0.74,2023-11-20,2023-11-29,Dividendo,4.79
PSSA3,0.08,2022-10-31,2023-11-29,JCP,0.39
BBAS3,0.05,2023-11-21,2023-11-30,Dividendo,0.1
BBAS3,0.34,2023-11-21,2023-11-30,JCP,0.67
CPFE3,0.14,2023-08-17,2023-11-30,Dividendo,0.43
CPLE6,0.15,2023-09-29,2023-11-30,JCP,1.84
MOTV3,0.15,2023-10-30,2023-11-30,Dividendo,1.31
BBDC3,0.01,2023-11-01,2023-12-01,JCP,0.14
BBDC4,0.01,2023-11-01,2023-12-01,JCP,0.13
ITUB4,0.01,2023-10-31,2023-12-01,JCP,0.07
RADL3,0.04,2023-04-04,2023-12-01,JCP,0.2
RADL3,0.05,2023-07-05,2023-12-01,JCP,0.21
VALE3,1.56,2023-11-21,2023-12-01,Dividendo,2.0
VALE3,0.76,2023-11-21,2023-12-01,JCP,0.98
BRAP4,0.6,2023-11-21,2023-12-04,Dividendo,2.24
BRAP4,1.18,2023-11-21,2023-12-04,JCP,4.39
YDUQ3,0.27,2023-08-18,2023-12-05,Dividendo,1.24
GGBR4,0.47,2023-11-17,2023-12-13,Dividendo,1.92
GOAU4,0.93,2023-11-17,2023-12-14,Dividendo,7.69
CPFE3,0.3,2023-08-17,2023-12-15,Dividendo,0.88
IGTI11,0.09,2023-04-20,2023-12-15,Dividendo,0.47
PETR3,0.57,2023-08-21,2023-12-15,Dividendo,1.68
PETR4,0.57,2023-08-21,2023-12-15,Dividendo,1.84
RECV3,0.54,2023-12-05,2023-12-15,JCP,2.7
TAEE11,0.01,2023-11-13,2023-12-15,Dividendo,0.03
TAEE11,0.58,2023-11-13,2023-12-15,JCP,1.61
CYRE3,0.33,2023-12-11,2023-12-18,Dividendo,1.5
AURE3,1.5,2023-12-08,2023-12-19,Dividendo,11.24
CPFE3,0.15,2023-08-17,2023-12-20,Dividendo,0.46
MULT3,0.29,2022-12-26,2023-12-20,JCP,1.34
SMFT3,0.1,2023-12-11,2023-12-21,JCP,0.42
PRIO3,0.07,2023-12-13,2023-12-22,Dividendo,0.16
TOTS3,0.21,2023-12-04,2023-12-22,JCP,0.62
EGIE3,0.94,2023-08-21,2023-12-27,Dividendo,2.24
PETR3,0.06,2023-04-27,2023-12-27,Rend. Tributado,0.25
PETR3,0.49,2023-04-27,2023-12-27,Dividendo,1.91
PETR4,0.06,2023-04-27,2023-12-27,Rend. Tributado,0.25
PETR4,0.49,2023-04-27,2023-12-27,Dividendo,2.14
ABEV3,0.73,2023-12-19,2023-12-28,JCP,4.95
BBAS3,0.17,2023-12-11,2023-12-28,JCP,0.32
CMIG4,0.05,2023-04-27,2023-12-28,Dividendo,0.46
FLRY3,0.26,2023-12-15,2023-12-28,JCP,1.42
RADL3,0.04,2023-12-20,2023-12-28,Dividendo,0.17
RAIZ4,0.07,2023-12-20,2023-12-28,JCP,1.83
RDOR3,0.18,2023-12-18,2023-12-28,JCP,0.65
CMIG4,0.08,2022-06-24,2023-12-29,JCP,0.75
CMIG4,0.1,2022-09-23,2023-12-30,JCP,0.91
CMIG4,0.09,2022-12-21,2023-12-30,JCP,0.83
CMIG4,0.11,2022-12-27,2023-12-30,JCP,1.07
BBDC3,0.01,2023-12-01,2024-01-02,JCP,0.12
BBDC3,0.17,2023-12-21,2024-01-02,JCP,1.15
BBDC4,0.01,2023-12-01,2024-01-02,JCP,0.12
BBDC4,0.19,2023-12-21,2024-01-02,JCP,1.13
ITSA4,0.02,2023-11-30,2024-01-02,JCP,0.24
ITUB4,0.01,2023-11-30,2024-01-02,JCP,0.06
DIRR3,0.15,2023-12-05,2024-01-03,Dividendo,0.81
POMO4,0.1,2023-12-21,2024-01-03,JCP,1.39
LREN3,0.17,2023-09-26,2024-01-05,JCP,1.33
LREN3,0.17,2023-12-20,2024-01-05,JCP,0.99
STBP3,0.04,2023-12-22,2024-01-05,Dividendo,0.48
B3SA3,0.05,2023-12-28,2024-01-08,JCP,0.41
B3SA3,0.04,2023-12-28,2024-01-08,Dividendo,0.28
STBP3,0.03,2023-12-22,2024-01-08,JCP,0.4
SUZB3,1.16,2023-12-07,2024-01-10,JCP,2.33
SLCE3,0.05,2023-12-27,2024-01-11,JCP,0.29
ENGI11,1.0,2023-12-28,2024-01-12,Dividendo,1.86
ISAE4,0.24,2023-12-13,2024-01-15,JCP,0.93
TAEE11,0.66,2024-01-03,2024-01-16,Dividendo,1.73
TIMS3,0.27,2023-12-21,2024-01-23,JCP,1.52
BBDC3,0.01,2024-01-02,2024-02-01,JCP,0.11
BBDC4,0.01,2024-01-02,2024-02-01,JCP,0.11
ITUB4,0.01,2023-12-28,2024-02-01,JCP,0.05
SANB11,0.4,2024-01-19,2024-02-08,JCP,1.34
BPAC11,0.14,2024-01-03,2024-02-15,JCP,0.41
BPAC11,0.23,2023-12-04,2024-02-15,JCP,0.66
RENT3,0.38,2023-12-26,2024-02-15,JCP,0.6
PETR3,0.42,2023-11-21,2024-02-20,JCP,1.11
PETR3,0.24,2023-11-21,2024-02-20,Dividendo,0.63
PETR3,0.0,2023-11-21,2024-02-20,Rend. Tributado,100.0
PETR3,0.0,2023-11-21,2024-02-20,Rend. Tributado,100.0
PETR4,0.24,2023-11-21,2024-02-20,Dividendo,0.67
PETR4,0.42,2023-11-21,2024-02-20,JCP,1.18
PETR4,0.0,2023-11-21,2024-02-20,Rend. Tributado,100.0
PETR4,0.0,2023-11-21,2024-02-20,Rend. Tributado,100.0
BBSE3,0.01,2024-02-08,2024-02-22,Rend. Tributado,0.06
BBSE3,1.24,2024-02-08,2024-02-22,Dividendo,3.56
KLBN11,0.17,2024-02-15,2024-02-26,Dividendo,0.81
KLBN11,0.15,2023-12-21,2024-02-26,JCP,0.72
BBAS3,0.11,2024-02-21,2024-02-29,Dividendo,0.19
BBAS3,0.0,2024-02-21,2024-02-29,Rend. Tributado,0.01
BBAS3,0.3,2024-02-21,2024-02-29,JCP,0.52
VBBR3,0.42,2023-09-21,2024-02-29,JCP,2.24
BBDC3,0.01,2024-02-01,2024-03-01,JCP,0.13
BBDC4,0.01,2024-02-01,2024-03-01,JCP,0.12
ITUB4,0.01,2024-01-31,2024-03-01,JCP,0.05
IGTI11,0.16,2024-02-23,2024-03-04,Dividendo,0.72
ITSA4,0.3,2024-02-22,2024-03-08,Dividendo,2.85
ITSA4,0.11,2023-09-21,2024-03-08,JCP,1.28
ITSA4,0.05,2023-07-25,2024-03-08,JCP,0.51
ITSA4,0.05,2023-10-19,2024-03-08,JCP,0.59
ITSA4,0.07,2023-12-18,2024-03-08,JCP,0.78
ITUB4,1.12,2024-02-21,2024-03-08,Dividendo,3.15
ITUB4,0.26,2023-09-18,2024-03-08,JCP,0.97
ITUB4,0.24,2023-12-06,2024-03-08,JCP,0.78
GGBR4,0.1,2024-03-01,2024-03-12,Dividendo,0.45
POMO4,0.23,2024-02-29,2024-03-12,JCP,2.76
GOAU4,0.05,2024-03-01,2024-03-13,Dividendo,0.48
WEGE3,0.05,2023-09-22,2024-03-13,JCP,0.17
WEGE3,0.29,2024-02-23,2024-03-13,Dividendo,0.82
WEGE3,0.07,2023-12-15,2024-03-13,JCP,0.2
AURE3,0.4,2024-03-01,2024-03-14,Dividendo,3.1
VALE3,2.73,2024-03-11,2024-03-19,Dividendo,4.27
MULT3,0.12,2023-03-30,2024-03-20,JCP,0.51
PETR3,0.67,2023-11-21,2024-03-20,Dividendo,1.73
PETR3,0.15,2023-11-21,2024-03-20,Rend. Tributado,0.42
PETR4,0.67,2023-11-21,2024-03-20,Dividendo,1.86
PETR4,0.01,2023-11-21,2024-03-20,Rend. Tributado,0.05
BBAS3,0.2,2024-03-11,2024-03-27,JCP,0.36
RAIZ4,0.01,2024-03-21,2024-03-28,Dividendo,0.46
RAIZ4,0.05,2023-12-20,2024-03-31,JCP,1.44
BBDC3,0.01,2024-03-01,2024-04-01,JCP,0.14
BBDC4,0.01,2024-03-01,2024-04-01,JCP,0.14
FLRY3,0.14,2024-03-19,2024-04-01,Dividendo,0.98
ITSA4,0.02,2024-02-29,2024-04-01,JCP,0.22
ITUB4,0.01,2024-02-29,2024-04-01,JCP,0.05
LREN3,0.15,2024-03-19,2024-04-02,JCP,0.96
STBP3,0.16,2024-03-22,2024-04-04,Dividendo,1.25
B3SA3,0.06,2024-02-27,2024-04-05,Dividendo,0.53
B3SA3,0.05,2024-03-26,2024-04-05,JCP,0.44
RDOR3,0.13,2024-03-26,2024-04-05,JCP,0.52
ISAE4,1.96,2023-12-13,2024-04-10,JCP,7.55
PSSA3,0.58,2023-06-29,2024-04-10,JCP,2.15
PSSA3,0.53,2023-12-27,2024-04-10,JCP,1.83
TIMS3,0.18,2024-04-09,2024-04-22,Dividendo,0.99
TIMS3,0.08,2024-03-22,2024-04-22,JCP,0.47
VIVT3,0.04,2023-10-23,2024-04-23,JCP,0.1
VIVT3,0.25,2023-12-26,2024-04-23,JCP,0.48
VIVT3,0.06,2023-09-22,2024-04-23,JCP,0.14
VIVT3,0.12,2023-07-31,2024-04-23,JCP,0.29
VIVT3,0.07,2023-08-31,2024-04-23,JCP,0.19
VIVT3,0.09,2023-05-31,2024-04-23,JCP,0.23
IGTI11,0.16,2024-04-18,2024-04-30,Dividendo,0.8
IGTI11,0.16,2024-04-18,2024-04-30,Dividendo,0.8
MOTV3,0.26,2024-04-18,2024-04-30,Dividendo,2.13
BBDC3,0.01,2024-04-01,2024-05-02,JCP,0.14
BBDC4,0.01,2024-04-01,2024-05-02,JCP,0.13
ITUB4,0.01,2024-03-28,2024-05-02,JCP,0.05
VAMO3,0.31,2023-12-19,2024-05-07,JCP,3.2
CXSE3,0.01,2024-04-26,2024-05-08,Rend. Tributado,0.1
CXSE3,0.55,2024-04-26,2024-05-08,Dividendo,3.39
ELET3,0.4,2024-04-26,2024-05-09,Dividendo,1.08
ELET6,1.82,2024-04-26,2024-05-09,Dividendo,4.49
CPFE3,1.19,2024-04-26,2024-05-13,Dividendo,3.72
CURY3,0.4,2024-04-30,2024-05-13,Dividendo,2.09
ALOS3,0.55,2024-04-30,2024-05-15,Dividendo,2.83
BRAP4,0.81,2024-04-29,2024-05-15,Dividendo,3.79
BRAP4,0.37,2024-04-29,2024-05-15,Dividendo,1.73
RECV3,0.05,2024-04-24,2024-05-15,Dividendo,0.27
SANB11,0.4,2024-04-19,2024-05-15,JCP,1.48
SLCE3,0.82,2024-04-30,2024-05-15,Dividendo,4.36
VIVA3,0.36,2024-04-29,2024-05-15,Dividendo,1.63
KLBN11,0.29,2024-05-03,2024-05-16,Dividendo,1.28
TAEE11,1.13,2024-05-03,2024-05-16,Dividendo,3.09
PETR3,0.57,2024-04-25,2024-05-20,Dividendo,1.29
PETR3,0.88,2024-05-02,2024-05-20,Dividendo,1.99
PETR4,0.02,2024-04-25,2024-05-20,Rend. Tributado,0.05
PETR4,0.84,2024-05-02,2024-05-20,Dividendo,2.02
PETR4,0.03,2024-05-02,2024-05-20,Rend. Tributado,0.08
PETR4,0.55,2024-04-25,2024-05-20,Dividendo,1.3
PETR4,0.55,2024-04-25,2024-05-20,Dividendo,1.3
RENT3,0.38,2024-04-01,2024-05-23,JCP,0.73
GGBR4,0.28,2024-05-15,2024-05-27,Dividendo,1.45
CMIN3,0.07,2023-12-28,2024-05-28,JCP,1.02
CMIN3,0.18,2024-05-14,2024-05-28,Dividendo,3.48
GOAU4,0.19,2024-05-15,2024-05-28,Dividendo,1.68
CSNA3,0.71,2024-05-14,2024-05-29,Dividendo,5.14
VBBR3,0.4,2023-12-22,2024-05-29,JCP,1.82
YDUQ3,0.27,2024-04-26,2024-05-29,Dividendo,1.79
RADL3,0.05,2023-12-06,2024-05-31,JCP,0.18
RADL3,0.04,2024-04-17,2024-05-31,Dividendo,0.2
RAIL3,0.09,2024-04-30,2024-05-31,Dividendo,0.46
BBDC3,0.01,2024-05-02,2024-06-03,JCP,0.14
BBDC4,0.01,2024-05-02,2024-06-03,JCP,0.14
ITUB4,0.01,2024-04-30,2024-06-03,JCP,0.06
EQTL3,0.44,2024-04-30,2024-06-10,Dividendo,1.49
POMO4,0.1,2024-05-23,2024-06-10,JCP,1.41
STBP3,0.04,2024-05-27,2024-06-14,JCP,0.33
STBP3,0.06,2024-05-27,2024-06-14,Dividendo,0.56
RECV3,1.39,2024-06-05,2024-06-17,JCP,6.8
MULT3,0.24,2023-06-29,2024-06-20,JCP,0.9
PETR3,0.55,2024-04-25,2024-06-20,Dividendo,1.28
PETR3,0.84,2024-05-02,2024-06-20,Dividendo,1.91
PETR4,0.02,2024-04-25,2024-06-20,Rend. Tributado,0.07
PETR4,0.84,2024-05-02,2024-06-20,Dividendo,2.02
PETR4,0.04,2024-05-02,2024-06-20,Rend. Tributado,0.1
BBAS3,0.16,2024-06-11,2024-06-21,Dividendo,0.6
BBAS3,0.29,2024-06-11,2024-06-21,JCP,1.07
SBSP3,1.44,2024-04-25,2024-06-24,JCP,1.77
USIM5,0.28,2024-04-25,2024-06-24,Dividendo,3.33
TAEE11,0.42,2024-05-13,2024-06-27,JCP,1.2
BBAS3,0.2,2024-06-13,2024-06-28,JCP,0.76
BBDC3,0.44,2023-12-21,2024-06-28,JCP,2.88
BBDC4,0.49,2023-12-21,2024-06-28,JCP,2.84
CMIG4,0.12,2024-04-29,2024-06-28,Dividendo,0.95
CPFE3,0.37,2024-04-26,2024-06-28,Dividendo,1.16
CPLE6,0.17,2023-09-29,2024-06-28,JCP,2.02
CPLE6,0.04,2024-04-22,2024-06-28,Dividendo,0.48
CSAN3,0.45,2024-06-05,2024-06-28,Dividendo,3.4
CMIG4,0.09,2023-06-23,2024-06-30,JCP,0.76
CMIG4,0.09,2023-03-27,2024-06-30,JCP,0.89
CMIG4,0.09,2023-09-25,2024-06-30,JCP,0.74
CMIG4,0.3,2023-12-21,2024-06-30,JCP,2.77
BBDC3,0.01,2024-06-03,2024-07-01,JCP,0.15
BBDC4,0.01,2024-06-03,2024-07-01,JCP,0.15
BRAV3,0.38,2024-04-30,2024-07-01,Dividendo,1.17
ITSA4,0.01,2024-05-31,2024-07-01,JCP,0.17
ITUB4,0.01,2024-05-31,2024-07-01,JCP,0.06
B3SA3,0.05,2024-06-18,2024-07-05,JCP,0.49
B3SA3,0.03,2024-06-18,2024-07-05,Dividendo,0.33
LREN3,0.15,2024-06-25,2024-07-09,JCP,1.23
RDOR3,0.15,2024-06-28,2024-07-09,JCP,0.58
CURY3,0.91,2024-05-08,2024-07-10,Dividendo,4.47
VIVT3,0.9,2024-04-10,2024-07-10,Amortização,1.76
ALOS3,0.55,2024-04-30,2024-07-15,Dividendo,2.83
DIRR3,1.6,2024-07-04,2024-07-16,Dividendo,5.54
AZZA3,0.54,2024-07-10,2024-07-22,Dividendo,0.99
TIMS3,0.18,2024-04-09,2024-07-23,Dividendo,0.99
TIMS3,0.12,2024-06-21,2024-07-23,JCP,0.79
CPFE3,0.08,2024-04-26,2024-07-26,Dividendo,0.27
EGIE3,0.17,2023-12-21,2024-07-26,JCP,0.4
EGIE3,1.21,2024-05-06,2024-07-26,Dividendo,2.83
SMFT3,0.08,2024-06-21,2024-07-31,JCP,0.39
BBDC3,0.01,2024-07-01,2024-08-01,JCP,0.15
BBDC4,0.01,2024-07-01,2024-08-01,JCP,0.15
ITUB4,0.01,2024-06-28,2024-08-01,JCP,0.05
SANB11,0.4,2024-07-19,2024-08-09,JCP,1.39
WEGE3,0.18,2024-08-02,2024-08-14,Dividendo,0.38
WEGE3,0.06,2024-06-28,2024-08-14,JCP,0.15
WEGE3,0.05,2024-03-22,2024-08-14,JCP,0.15
BPAC11,0.4,2024-07-03,2024-08-15,JCP,1.27
CXSE3,0.28,2024-08-01,2024-08-15,Dividendo,1.9
KLBN11,0.33,2024-08-05,2024-08-15,Dividendo,1.57
RENT3,0.39,2024-06-26,2024-08-19,JCP,0.94
GGBR4,0.12,2024-08-09,2024-08-20,Dividendo,0.69
PETR3,0.52,2024-06-11,2024-08-20,JCP,1.33
PETR4,0.52,2024-06-11,2024-08-20,JCP,1.38
GOAU4,0.08,2024-08-09,2024-08-21,Dividendo,0.79
UGPA3,0.25,2024-08-15,2024-08-23,Dividendo,1.06
TOTS3,0.23,2024-08-06,2024-08-26,JCP,0.85
STBP3,0.2,2024-08-12,2024-08-27,Dividendo,1.48
STBP3,0.04,2024-08-12,2024-08-27,JCP,0.3
ENGI11,1.0,2024-08-12,2024-08-28,Dividendo,2.19
BBAS3,0.0,2024-08-21,2024-08-30,Rend. Tributado,0.02
BBAS3,0.0,2024-08-21,2024-08-30,Rend. Tributado,0.01
BBAS3,0.31,2024-08-21,2024-08-30,JCP,1.08
BBAS3,0.15,2024-08-21,2024-08-30,Dividendo,0.52
BBSE3,1.39,2024-08-16,2024-08-30,Dividendo,3.71
CMIG4,0.49,2024-08-23,2024-08-30,Dividendo,4.09
CPFE3,0.17,2024-04-26,2024-08-30,Dividendo,0.54
ITSA4,0.07,2024-03-21,2024-08-30,JCP,0.66
ITSA4,0.09,2024-06-20,2024-08-30,JCP,0.96
ITUB4,0.24,2024-03-21,2024-08-30,JCP,0.7
ITUB4,0.25,2024-06-20,2024-08-30,JCP,0.78
VBBR3,0.3,2024-04-18,2024-08-30,Dividendo,1.25
VBBR3,0.3,2024-04-18,2024-08-30,Dividendo,1.25
BBDC3,0.01,2024-08-01,2024-09-02,JCP,0.15
BBDC4,0.01,2024-08-01,2024-09-02,JCP,0.15
ITUB4,0.01,2024-07-31,2024-09-02,JCP,0.05
VALE3,2.09,2024-08-02,2024-09-04,JCP,3.49
POMO4,0.03,2024-08-28,2024-09-06,Dividendo,0.54
POMO4,0.08,2024-08-28,2024-09-06,JCP,1.17
MULT3,0.2,2023-09-27,2024-09-20,JCP,0.87
PETR3,0.44,2024-06-11,2024-09-20,Dividendo,1.14
PETR3,0.07,2024-06-11,2024-09-20,JCP,0.19
PETR4,0.44,2024-06-11,2024-09-20,Dividendo,1.19
PETR4,0.07,2024-06-11,2024-09-20,JCP,0.2
BBAS3,0.18,2024-09-11,2024-09-27,JCP,0.65
CPFE3,0.3,2024-04-26,2024-09-27,Dividendo,0.94
BBDC3,0.01,2024-09-02,2024-10-01,JCP,0.12
BBDC4,0.01,2024-09-02,2024-10-01,JCP,0.12
ITSA4,0.02,2024-08-30,2024-10-01,JCP,0.22
ITUB4,0.01,2024-08-30,2024-10-01,JCP,0.05
FLRY3,0.33,2024-08-14,2024-10-02,JCP,2.13
RDOR3,0.15,2024-09-26,2024-10-04,JCP,0.5
B3SA3,0.06,2024-09-24,2024-10-07,JCP,0.54
B3SA3,0.03,2024-09-24,2024-10-07,Dividendo,0.31
LREN3,0.16,2024-09-24,2024-10-08,JCP,0.91
ALOS3,0.09,2024-10-04,2024-10-16,Dividendo,0.42
MULT3,0.22,2023-11-01,2024-10-21,JCP,0.91
TIMS3,0.18,2024-04-09,2024-10-22,Dividendo,0.99
TIMS3,0.12,2024-09-23,2024-10-23,JCP,0.66
IGTI11,0.16,2024-04-18,2024-10-30,Dividendo,0.8
CURY3,0.34,2024-10-04,2024-10-31,Dividendo,1.51
BBDC3,0.01,2024-10-01,2024-11-01,JCP,0.13
BBDC4,0.01,2024-10-01,2024-11-01,JCP,0.13
ITUB4,0.01,2024-09-30,2024-11-01,JCP,0.05
ALOS3,0.09,2024-10-21,2024-11-04,Dividendo,0.43
STBP3,1.85,2024-10-16,2024-11-07,Amortização,14.39
SANB11,0.34,2024-10-17,2024-11-08,JCP,1.21
SANB11,0.05,2024-10-17,2024-11-08,Dividendo,0.19
STBP3,0.04,2024-10-28,2024-11-13,JCP,0.33
STBP3,0.14,2024-10-28,2024-11-13,Dividendo,1.15
RENT3,0.39,2024-09-25,2024-11-14,JCP,0.95
CXSE3,0.23,2024-11-04,2024-11-18,Dividendo,1.57
BRAP4,0.89,2024-11-12,2024-11-21,JCP,4.84
KLBN11,0.34,2024-11-11,2024-11-21,JCP,1.69
PETR3,0.11,2024-08-21,2024-11-21,Dividendo,0.29
PETR3,0.41,2024-08-21,2024-11-21,JCP,1.04
PETR4,0.11,2024-08-21,2024-11-21,Dividendo,0.3
PETR4,0.41,2024-08-21,2024-11-21,JCP,1.07
CYRE3,0.59,2024-04-25,2024-11-26,Dividendo,2.93
RECV3,1.29,2024-11-12,2024-11-26,Dividendo,7.1
TAEE11,0.34,2024-08-15,2024-11-27,JCP,0.96
TAEE11,0.3,2024-08-15,2024-11-27,Dividendo,0.86
CSNA3,0.55,2024-11-21,2024-11-28,Dividendo,4.84
PSSA3,0.29,2023-09-28,2024-11-28,JCP,1.1
PSSA3,0.09,2024-03-28,2024-11-28,Dividendo,0.3
CPLE6,0.09,2024-09-30,2024-11-29,JCP,0.97
CPLE6,0.07,2024-09-30,2024-11-29,Dividendo,0.69
MOTV3,0.15,2024-11-05,2024-11-29,Dividendo,1.24
BBDC3,0.01,2024-11-01,2024-12-02,JCP,0.14
BBDC4,0.01,2024-11-01,2024-12-02,JCP,0.13
ITUB4,0.01,2024-10-31,2024-12-02,JCP,0.05
RADL3,0.04,2024-04-03,2024-12-02,JCP,0.19
ALOS3,0.09,2024-11-18,2024-12-03,Dividendo,0.44
BRFS3,0.58,2024-11-25,2024-12-05,JCP,2.3
BBAS3,0.48,2024-11-25,2024-12-06,JCP,1.87
RADL3,0.06,2024-10-03,2024-12-06,Dividendo,0.24
RADL3,0.04,2024-07-03,2024-12-06,JCP,0.18
POMO4,0.06,2024-11-26,2024-12-13,Rendimento,0.66
POMO4,0.07,2024-11-26,2024-12-13,Dividendo,0.8
GGBR4,0.3,2024-11-18,2024-12-16,Dividendo,1.51
GOAU4,0.13,2024-11-18,2024-12-17,Dividendo,1.19
VIVT3,0.05,2024-06-26,2024-12-17,JCP,0.11
VIVT3,0.11,2024-04-29,2024-12-17,JCP,0.24
VIVT3,0.18,2024-03-28,2024-12-17,JCP,0.36
AZZA3,0.57,2024-12-06,2024-12-19,JCP,1.64
MULT3,0.18,2023-12-27,2024-12-20,JCP,0.67
PETR3,0.52,2024-08-21,2024-12-20,Dividendo,1.33
PETR4,0.52,2024-08-21,2024-12-20,Dividendo,1.37
CPLE6,0.2,2024-12-11,2024-12-23,JCP,2.2
PETR3,1.55,2024-11-11,2024-12-23,Dividendo,3.97
PETR4,1.55,2024-12-11,2024-12-23,Dividendo,3.86
CPFE3,0.61,2024-04-26,2024-12-26,Dividendo,1.92
MRFG3,2.82,2024-12-12,2024-12-26,Dividendo,14.13
BBAS3,0.17,2024-12-11,2024-12-27,JCP,0.71
CMIG4,0.12,2024-04-29,2024-12-27,Dividendo,0.95
CMIG4,0.3,2023-12-21,2024-12-27,JCP,2.77
CMIG4,0.09,2023-09-25,2024-12-27,JCP,0.74
CMIG4,0.09,2023-06-23,2024-12-27,JCP,0.76
CMIG4,0.09,2023-03-27,2024-12-27,JCP,0.89
FLRY3,0.21,2024-12-13,2024-12-27,JCP,1.6
HYPE3,0.3,2023-03-29,2024-12-27,JCP,0.76
HYPE3,0.3,2023-07-03,2024-12-27,JCP,0.66
HYPE3,0.3,2023-09-27,2024-12-27,JCP,0.83
HYPE3,0.3,2023-12-26,2024-12-27,JCP,0.85
TOTS3,0.22,2024-12-03,2024-12-27,JCP,0.82
ABEV3,0.24,2024-12-19,2024-12-30,JCP,1.92
BRFS3,0.12,2024-12-16,2024-12-30,JCP,0.43
RDOR3,0.2,2024-12-18,2024-12-30,JCP,0.77
BBDC3,0.01,2024-12-02,2025-01-02,JCP,0.16
BBDC4,0.01,2024-12-02,2025-01-02,JCP,0.15
ITSA4,0.02,2024-11-29,2025-01-02,JCP,0.22
ITUB4,0.01,2024-11-29,2025-01-02,JCP,0.05
ABEV3,0.42,2024-12-19,2025-01-07,Dividendo,3.31
ALOS3,0.12,2024-12-20,2025-01-07,JCP,0.64
B3SA3,0.06,2024-12-30,2025-01-08,JCP,0.62
LREN3,0.17,2024-12-26,2025-01-08,JCP,1.36
STBP3,0.04,2024-12-27,2025-01-09,JCP,0.35
SUZB3,2.01,2024-12-16,2025-01-10,JCP,3.16
ELET3,0.86,2024-12-27,2025-01-13,Dividendo,2.47
ELET6,1.82,2024-12-27,2025-01-13,Dividendo,4.6
DIRR3,0.15,2024-09-17,2025-01-16,Dividendo,0.46
DIRR3,0.42,2025-01-03,2025-01-16,Dividendo,1.59
CXSE3,0.31,2025-01-03,2025-01-17,Dividendo,2.16
ISAE4,0.78,2025-01-09,2025-01-21,JCP,3.34
TIMS3,0.26,2024-12-23,2025-01-23,JCP,1.8
TAEE11,0.39,2024-11-11,2025-01-29,JCP,1.14
TAEE11,0.26,2024-11-11,2025-01-29,Dividendo,0.77
BBDC3,0.35,2024-06-17,2025-01-31,JCP,3.14
BBDC4,0.39,2024-06-17,2025-01-31,JCP,3.06
BBDC3,0.01,2025-01-02,2025-02-03,JCP,0.16
BBDC4,0.01,2025-01-02,2025-02-03,JCP,0.17
ITUB4,0.01,2024-12-30,2025-02-03,JCP,0.06
ALOS3,0.08,2025-01-23,2025-02-04,Dividendo,0.47
ALOS3,0.0,2025-01-23,2025-02-04,Dividendo,0.04
EGIE3,0.3,2024-12-19,2025-02-07,JCP,0.84
RENT3,0.4,2024-12-17,2025-02-07,JCP,1.31
SANB11,0.4,2025-01-22,2025-02-12,JCP,1.62
SMFT3,0.44,2024-12-13,2025-02-12,JCP,2.5
BPAC11,0.14,2025-01-03,2025-02-14,JCP,0.55
BPAC11,0.3,2024-12-19,2025-02-14,JCP,1.06
CURY3,0.6,2025-02-10,2025-02-20,Dividendo,2.65
EQTL3,0.08,2025-01-13,2025-02-20,JCP,0.33
PETR3,0.66,2024-12-23,2025-02-20,JCP,1.67
PETR4,0.01,2024-12-23,2025-02-20,Rend. Tributado,0.03
PETR4,0.66,2024-12-23,2025-02-20,JCP,1.8
ISAE4,0.78,2025-02-11,2025-02-21,JCP,3.22
VBBR3,0.46,2024-06-28,2025-02-27,JCP,2.22
ASAI3,0.09,2025-01-06,2025-02-28,JCP,1.65
BBDC3,0.01,2025-02-03,2025-03-05,JCP,0.16
BBDC4,0.01,2025-02-03,2025-03-05,JCP,0.14
BBSE3,0.04,2025-02-20,2025-03-06,Rend. Tributado,0.12
BBSE3,2.27,2025-02-20,2025-03-06,Dividendo,5.7
IGTI11,0.16,2025-02-21,2025-03-06,Dividendo,0.87
ITUB4,0.01,2025-01-31,2025-03-06,JCP,0.05
ALOS3,0.09,2025-02-20,2025-03-07,Dividendo,0.48
ITSA4,0.04,2024-09-19,2025-03-07,JCP,0.43
ITSA4,0.05,2024-12-11,2025-03-07,JCP,0.62
ITSA4,0.1,2025-02-17,2025-03-07,JCP,1.02
ITSA4,0.4,2025-02-17,2025-03-07,Dividendo,4.13
ITUB4,0.27,2024-09-19,2025-03-07,JCP,0.75
ITUB4,0.31,2024-12-09,2025-03-07,JCP,0.94
ITUB4,0.33,2025-02-17,2025-03-07,JCP,0.96
ITUB4,1.25,2025-02-17,2025-03-07,Dividendo,3.59
POMO4,0.23,2025-02-26,2025-03-07,Dividendo,3.1
KLBN11,0.21,2024-12-16,2025-03-12,JCP,0.91
WEGE3,0.3,2025-02-28,2025-03-12,Dividendo,0.62
WEGE3,0.07,2024-12-20,2025-03-12,JCP,0.14
WEGE3,0.07,2024-09-27,2025-03-12,JCP,0.13
GGBR4,0.1,2025-03-05,2025-03-14,Dividendo,0.6
KLBN11,0.04,2025-03-05,2025-03-14,Dividendo,0.23
UGPA3,0.45,2025-03-06,2025-03-14,Dividendo,2.83
VALE3,2.14,2025-03-07,2025-03-14,Dividendo,3.79
VALE3,0.52,2024-12-11,2025-03-14,JCP,0.89
GOAU4,0.05,2025-03-05,2025-03-17,Dividendo,0.54
STBP3,0.27,2025-03-06,2025-03-17,Dividendo,2.04
BBAS3,0.34,2025-03-11,2025-03-20,JCP,1.24
BBAS3,0.13,2025-03-11,2025-03-20,Dividendo,0.49
BBAS3,0.0,2025-03-11,2025-03-20,Rend. Tributado,0.01
BBAS3,0.0,2025-03-11,2025-03-20,Rend. Tributado,0.03
PETR3,0.01,2024-12-23,2025-03-20,JCP,0.03
PETR3,0.0,2024-12-23,2025-03-20,Rend. Tributado,0.0
PETR3,0.01,2024-12-23,2025-03-20,Rend. Tributado,0.04
PETR3,0.65,2024-12-23,2025-03-20,Dividendo,1.65
PETR4,0.65,2024-12-23,2025-03-20,Dividendo,1.77
PETR4,0.01,2024-12-23,2025-03-20,Rend. Tributado,0.05
PETR4,0.0,2024-12-23,2025-03-20,Rend. Tributado,0.0
PETR4,0.01,2024-12-23,2025-03-20,JCP,0.03
BBAS3,0.14,2025-03-11,2025-03-21,JCP,0.54
ISAE4,0.78,2025-03-11,2025-03-21,JCP,3.34
MULT3,0.15,2024-04-04,2025-03-24,JCP,0.62
ENGI11,1.9,2025-02-25,2025-03-28,Dividendo,4.54
RAIZ4,0.01,2024-08-02,2025-03-28,Dividendo,0.34
BBDC3,0.01,2025-03-05,2025-04-01,JCP,0.16
BBDC4,0.01,2025-03-05,2025-04-01,JCP,0.17
ITSA4,0.02,2025-02-28,2025-04-01,JCP,0.27
ITSA4,0.01,2025-02-28,2025-04-01,JCP,0.17
ITUB4,0.01,2025-02-28,2025-04-01,JCP,0.06
ALOS3,0.1,2025-03-21,2025-04-02,JCP,0.52
ABEV3,0.12,2025-03-14,2025-04-04,Dividendo,0.94
RDOR3,0.18,2025-03-26,2025-04-04,JCP,0.64
TOTS3,0.14,2025-03-24,2025-04-04,JCP,0.42
B3SA3,0.06,2025-03-25,2025-04-07,JCP,0.5
VIVT3,0.36,2024-12-26,2025-04-08,JCP,0.76
VIVT3,0.12,2024-08-26,2025-04-08,JCP,0.23
VIVT3,0.19,2024-07-26,2025-04-08,JCP,0.41
LREN3,0.18,2025-03-25,2025-04-09,JCP,1.49
PSSA3,0.12,2025-03-28,2025-04-10,Dividendo,0.32
PSSA3,0.4,2024-09-27,2025-04-10,JCP,1.12
PSSA3,0.31,2024-06-28,2025-04-10,JCP,1.03
ITSA4,0.09,2025-02-17,2025-04-22,Dividendo,0.93
TIMS3,0.28,2025-04-03,2025-04-22,Dividendo,1.54
TIMS3,0.28,2025-04-03,2025-04-22,Dividendo,1.54
TIMS3,0.08,2025-02-17,2025-04-22,JCP,0.47
BBDC3,0.17,2024-09-30,2025-04-30,JCP,1.37
BBDC4,0.19,2024-09-30,2025-04-30,JCP,1.34
IGTI11,0.16,2025-04-17,2025-04-30,Dividendo,0.85
IGTI11,0.16,2025-04-17,2025-04-30,Dividendo,0.85
IGTI11,0.16,2025-04-17,2025-04-30,Dividendo,0.85
SMFT3,0.06,2025-03-24,2025-04-30,JCP,0.32
BBDC3,0.01,2025-04-01,2025-05-02,JCP,0.15
BBDC4,0.01,2025-04-01,2025-05-02,JCP,0.15
ITUB4,0.01,2025-03-31,2025-05-02,JCP,0.06
VAMO3,0.26,2024-11-29,2025-05-02,JCP,4.63
AURE3,0.05,2025-04-24,2025-05-05,Dividendo,0.66
MGLU3,0.3,2025-04-25,2025-05-05,Dividendo,2.92
ALOS3,0.1,2025-04-22,2025-05-06,Dividendo,0.5
CURY3,0.26,2025-04-17,2025-05-06,Dividendo,0.97
CURY3,0.26,2025-04-17,2025-05-06,Dividendo,0.97
MOTV3,0.15,2025-04-23,2025-05-06,Dividendo,1.22
SANB11,0.4,2025-04-17,2025-05-08,JCP,1.48
YDUQ3,0.57,2025-04-28,2025-05-08,Dividendo,3.91
FLRY3,0.46,2025-03-06,2025-05-09,Dividendo,4.04
POMO4,0.08,2025-04-30,2025-05-09,JCP,1.2
ELET3,0.89,2025-04-29,2025-05-13,Dividendo,2.03
ELET6,0.11,2025-04-29,2025-05-13,Dividendo,0.23
BRAP4,0.21,2024-12-19,2025-05-15,JCP,1.24
BRAP4,0.91,2025-04-25,2025-05-15,Dividendo,5.2
CPLE6,0.43,2025-04-24,2025-05-15,Dividendo,3.77
CXSE3,0.32,2025-04-30,2025-05-15,Dividendo,1.98
SLCE3,0.54,2025-05-05,2025-05-15,Dividendo,2.77
RENT3,0.45,2025-03-26,2025-05-16,JCP,1.33
GGBR4,0.12,2025-05-08,2025-05-19,Dividendo,0.81
GOAU4,0.08,2025-05-08,2025-05-20,Dividendo,0.97
PETR3,0.35,2025-04-16,2025-05-20,Dividendo,1.05
PETR3,0.01,2025-04-16,2025-05-20,Rend. Tributado,0.05
PETR4,0.01,2025-04-16,2025-05-20,Rend. Tributado,0.05
PETR4,0.35,2025-04-16,2025-05-20,Dividendo,1.13
SBSP3,1.05,2025-04-29,2025-05-20,Dividendo,0.94
SBSP3,2.67,2025-04-29,2025-05-20,JCP,2.4
KLBN11,0.22,2025-05-13,2025-05-22,Dividendo,1.17
VIVA3,0.66,2025-04-22,2025-05-22,Dividendo,3.29
EMBR3,0.07,2025-05-12,2025-05-23,Dividendo,0.1
EGIE3,1.14,2024-08-21,2025-05-27,Dividendo,2.43
RECV3,0.9,2025-05-15,2025-05-27,JCP,5.91
EQTL3,0.16,2025-04-30,2025-05-28,JCP,0.46
EQTL3,0.53,2025-04-30,2025-05-28,Dividendo,1.47
TAEE11,0.55,2025-04-29,2025-05-28,Dividendo,1.53
COGN3,0.06,2025-04-28,2025-05-30,Dividendo,2.65
RADL3,0.06,2024-10-03,2025-05-30,JCP,0.26
RADL3,0.06,2025-04-29,2025-05-30,Dividendo,0.3
VBBR3,0.23,2024-09-23,2025-05-30,JCP,1.0
BBDC3,0.01,2025-05-02,2025-06-02,JCP,0.14
BBDC4,0.01,2025-05-02,2025-06-02,JCP,0.13
ITUB4,0.01,2025-04-30,2025-06-02,JCP,0.05
ALOS3,0.1,2025-05-22,2025-06-03,JCP,0.47
BBAS3,0.09,2025-06-02,2025-06-12,JCP,0.39
BBAS3,0.33,2025-06-02,2025-06-12,JCP,1.43
MULT3,0.23,2024-06-26,2025-06-20,JCP,1.02
PETR3,0.02,2025-04-16,2025-06-20,Rend. Tributado,0.07
PETR3,0.35,2025-04-16,2025-06-20,Dividendo,1.05
PETR4,0.02,2025-04-16,2025-06-20,Rend. Tributado,0.07
PETR4,0.35,2025-04-16,2025-06-20,Dividendo,1.13
ASAI3,0.01,2025-04-25,2025-06-23,Dividendo,0.16
CPFE3,0.78,2025-04-29,2025-06-25,Dividendo,2.15
RAIL3,0.81,2025-06-16,2025-06-25,Dividendo,4.15
CEAB3,0.32,2025-04-30,2025-06-30,Dividendo,2.48
CMIG4,0.08,2024-09-23,2025-06-30,JCP,0.71
CMIG4,0.07,2024-06-21,2025-06-30,JCP,0.71
CMIG4,0.09,2024-12-23,2025-06-30,JCP,0.87
CMIG4,0.32,2025-04-30,2025-06-30,Dividendo,3.2
CMIG4,0.07,2024-06-21,2025-06-30,JCP,0.71
BBDC3,0.01,2025-06-02,2025-07-01,JCP,0.12
BBDC4,0.01,2025-06-02,2025-07-01,JCP,0.12
ITSA4,0.01,2025-05-30,2025-07-01,JCP,0.16
ITUB4,0.01,2025-05-30,2025-07-01,JCP,0.05
RDOR3,0.2,2025-06-16,2025-07-01,JCP,0.57
ALOS3,0.1,2025-06-17,2025-07-02,Dividendo,0.47
DIRR3,0.66,2025-06-27,2025-07-04,Dividendo,1.57
ABEV3,0.12,2025-05-15,2025-07-07,Dividendo,0.9
B3SA3,0.07,2025-06-23,2025-07-07,JCP,0.53
TOTS3,0.15,2025-06-23,2025-07-07,JCP,0.36
CMIN3,0.03,2025-01-06,2025-07-15,JCP,0.79
CMIN3,0.03,2025-05-13,2025-07-15,JCP,0.65
CMIN3,0.2,2025-05-13,2025-07-15,Dividendo,3.4
LREN3,0.2,2025-07-02,2025-07-15,JCP,1.07
VIVT3,0.61,2025-02-27,2025-07-15,Amortização,1.23
TIMS3,0.12,2025-05-21,2025-07-23,JCP,0.63
CPFE3,0.43,2025-04-29,2025-07-25,Dividendo,1.2
BBDC3,0.26,2024-12-30,2025-07-31,JCP,2.57
BBDC4,0.29,2024-12-30,2025-07-31,JCP,2.6
SMFT3,0.06,2025-06-13,2025-07-31,JCP,0.28
BBDC3,0.01,2025-07-01,2025-08-01,JCP,0.12
BBDC4,0.01,2025-07-01,2025-08-01,JCP,0.1
ITUB4,0.01,2025-06-30,2025-08-01,JCP,0.05
ALOS3,0.1,2025-07-22,2025-08-04,Dividendo,0.48
SANB11,0.53,2025-07-17,2025-08-08,JCP,1.9
WEGE3,0.17,2025-07-25,2025-08-13,Dividendo,0.47
WEGE3,0.09,2025-06-20,2025-08-13,JCP,0.23
WEGE3,0.08,2025-03-21,2025-08-13,JCP,0.17
BPAC11,0.6,2025-08-08,2025-08-15,JCP,1.48
CXSE3,0.31,2025-08-01,2025-08-15,Dividendo,2.25
MOTV3,0.17,2025-08-05,2025-08-15,Dividendo,1.39
GGBR4,0.12,2025-08-11,2025-08-18,Dividendo,0.73
GOAU4,0.08,2025-08-11,2025-08-19,Dividendo,0.88
KLBN11,0.25,2025-08-08,2025-08-19,Dividendo,1.33
RENT3,0.5,2025-06-27,2025-08-19,JCP,1.24
PETR3,0.45,2025-06-02,2025-08-20,JCP,1.37
PETR4,0.45,2025-06-02,2025-08-20,JCP,1.45
BBSE3,1.94,2025-08-14,2025-08-26,Dividendo,5.55
TAEE11,0.54,2025-05-12,2025-08-27,JCP,1.55
ELET3,1.75,2025-08-15,2025-08-28,Dividendo,3.98
ELET6,1.93,2025-08-15,2025-08-28,Dividendo,4.04
ITSA4,0.05,2025-06-20,2025-08-29,JCP,0.55
ITSA4,0.18,2025-08-18,2025-08-29,JCP,1.67
ITUB4,0.33,2025-06-09,2025-08-29,JCP,0.93
ITUB4,0.36,2025-08-18,2025-08-29,JCP,0.96
UGPA3,0.3,2025-08-21,2025-08-29,Dividendo,1.68
VBBR3,0.26,2024-12-23,2025-08-29,JCP,1.4
BBDC3,0.01,2025-08-01,2025-09-01,JCP,0.13
BBDC4,0.01,2025-08-01,2025-09-01,JCP,0.11
ITUB4,0.01,2025-07-31,2025-09-01,JCP,0.05
ALOS3,0.1,2025-08-21,2025-09-02,Dividendo,0.45
VALE3,1.89,2025-08-12,2025-09-03,JCP,3.39
POMO4,0.09,2025-08-26,2025-09-08,JCP,0.97
POMO4,0.07,2025-08-26,2025-09-08,Dividendo,0.81
PETR3,0.3,2025-06-02,2025-09-22,Dividendo,0.93
PETR3,0.14,2025-06-02,2025-09-22,JCP,0.44
PETR4,0.3,2025-06-02,2025-09-22,Dividendo,0.99
PETR4,0.14,2025-06-02,2025-09-22,JCP,0.47
ENGI11,1.0,2025-08-12,2025-09-26,Dividendo,2.06
MULT3,0.23,2024-12-20,2025-09-30,JCP,1.07
BBDC3,0.01,2025-09-01,2025-10-01,JCP,0.12
BBDC4,0.01,2025-09-01,2025-10-01,JCP,0.11
ITSA4,0.01,2025-08-29,2025-10-01,JCP,0.16
ITUB4,0.01,2025-08-29,2025-10-01,JCP,0.05
FLRY3,0.31,2025-08-12,2025-10-03,JCP,2.15
ABEV3,0.12,2025-08-07,2025-10-06,Dividendo,1.02
TIMS3,0.13,2025-07-25,2025-10-21,JCP,0.66
TIMS3,0.28,2025-04-03,2025-10-23,Dividendo,1.54
BBDC3,0.2,2025-03-31,2025-10-31,JCP,1.8
BBDC3,0.01,2025-10-01,2025-11-03,JCP,0.0
BBDC4,0.01,2025-10-01,2025-11-03,JCP,0.0
ITUB4,0.01,2025-09-30,2025-11-03,JCP,0.0
CXSE3,0.32,2025-11-03,2025-11-17,Dividendo,0.0
PETR3,0.33,2025-08-21,2025-11-21,JCP,1.03
PETR4,0.33,2025-08-21,2025-11-21,JCP,1.11
CPFE3,0.32,2025-04-29,2025-11-27,Dividendo,0.89
TAEE11,0.32,2025-04-29,2025-11-27,Dividendo,0.89
TAEE11,0.23,2025-08-18,2025-11-27,Dividendo,0.68
TAEE11,0.63,2025-08-18,2025-11-27,JCP,1.87
VBBR3,0.5,2025-04-16,2025-11-28,Dividendo,2.74
BBDC3,0.01,2025-11-03,2025-12-01,JCP,0.0
BBDC4,0.01,2025-11-03,2025-12-01,JCP,0.0
ITUB4,0.01,2025-10-31,2025-12-01,JCP,0.0
RADL3,0.06,2025-04-03,2025-12-01,JCP,0.35
RADL3,0.07,2025-07-03,2025-12-05,JCP,0.51
PETR3,0.2,2025-08-21,2025-12-22,Dividendo,0.62
PETR3,0.13,2025-08-21,2025-12-22,JCP,0.41
PETR4,0.2,2025-08-21,2025-12-22,Dividendo,0.66
PETR4,0.13,2025-08-21,2025-12-22,JCP,0.45
CEAB3,0.34,2024-12-30,2025-12-23,JCP,4.45
EGIE3,0.87,2025-05-06,2025-12-23,Dividendo,2.15
CMIG4,0.08,2024-03-26,2025-12-30,JCP,0.71
CMIG4,0.32,2025-04-30,2025-12-30,Dividendo,3.2
CMIG4,0.09,2024-12-23,2025-12-30,JCP,0.87
MULT3,0.4,2024-12-30,2025-12-30,JCP,1.94
HYPE3,0.09,2024-05-23,2025-12-31,JCP,0.32
