open,high,low,close,volume,adjclose,dividends,splits,Ativo,Data
29.0,30.760000228881836,28.260000228881836,29.6299991607666,70198700,19.662809371948242,0.0,,BBSE3,01-12-2020
29.6299991607666,30.450000762939453,27.65999984741211,27.65999984741211,86915800,18.35549545288086,0.0,,BBSE3,01-01-2021
28.0,29.0,25.43000030517578,25.43000030517578,89982600,16.875640869140625,0.476121,,BBSE3,01-02-2021
25.68000030517578,25.700000762939453,23.520000457763672,24.25,194654200,16.36463165283203,0.0,,BBSE3,01-03-2021
24.510000228881836,24.59000015258789,22.190000534057617,22.329999923706055,143558900,15.068958282470703,0.0,,BBSE3,01-04-2021
22.6299991607666,23.770000457763672,21.959999084472656,23.399999618530273,105271100,15.79102897644043,0.0,,BBSE3,01-05-2021
23.450000762939453,25.56999969482422,23.100000381469727,23.100000381469727,128806800,15.588577270507812,0.0,,BBSE3,01-06-2021
23.149999618530273,23.420000076293945,21.299999237060547,21.3700008392334,140002100,14.421120643615723,0.0,,BBSE3,01-07-2021
21.59000015258789,21.889999389648438,18.860000610351562,19.059999465942383,153494200,12.862260818481445,0.520874,,BBSE3,01-08-2021
19.100000381469727,20.649999618530273,18.280000686645508,19.950000762939453,134042200,13.793965339660645,0.0,,BBSE3,01-09-2021
19.989999771118164,22.8700008392334,19.43000030517578,22.09000015258789,134020100,15.273616790771484,0.0,,BBSE3,01-10-2021
22.389999389648438,23.549999237060547,20.760000228881836,20.8799991607666,89537700,14.436989784240723,0.0,,BBSE3,01-11-2021
21.1200008392334,21.899999618530273,20.100000381469727,20.8799991607666,91236700,14.436989784240723,0.0,,BBSE3,01-12-2021
20.920000076293945,23.25,19.010000228881836,23.139999389648438,119613500,15.999614715576172,0.0,,BBSE3,01-01-2022
23.100000381469727,24.690000534057617,22.049999237060547,23.040000915527344,119704800,15.930473327636719,0.930048,,BBSE3,01-02-2022
23.040000915527344,25.690000534057617,21.780000686645508,25.559999465942383,114931800,18.374385833740234,0.0,,BBSE3,01-03-2022
25.68000030517578,26.989999771118164,25.1299991607666,25.43000030517578,116115100,18.280935287475586,0.0,,BBSE3,01-04-2022
25.209999084472656,26.940000534057617,24.459999084472656,26.8799991607666,97991500,19.323299407958984,0.0,,BBSE3,01-05-2022
26.889999389648438,26.90999984741211,24.190000534057617,25.959999084472656,101571500,18.661935806274414,0.0,,BBSE3,01-06-2022
25.989999771118164,29.1200008392334,24.860000610351562,28.989999771118164,98713100,20.840120315551758,0.0,,BBSE3,01-07-2022
28.989999771118164,30.959999084472656,27.780000686645508,28.280000686645508,115722900,20.329721450805664,1.036045,,BBSE3,01-08-2022
28.5,30.3700008392334,25.899999618530273,26.56999969482422,135816800,19.778522491455078,0.0,,BBSE3,01-09-2022
26.780000686645508,29.799999237060547,26.56999969482422,29.690000534057617,145881000,22.101030349731445,0.0,,BBSE3,01-10-2022
29.579999923706055,32.25,29.06999969482422,31.31999969482422,163699200,23.31439208984375,0.0,,BBSE3,01-11-2022
31.100000381469727,34.34000015258789,30.010000228881836,33.709999084472656,122258700,25.093490600585938,0.0,,BBSE3,01-12-2022
33.349998474121094,38.27000045776367,32.06999969482422,37.779998779296875,122759300,28.123170852661133,0.0,,BBSE3,01-01-2023
37.779998779296875,37.939998626708984,33.880001068115234,34.209999084472656,121150700,25.465688705444336,1.878577,,BBSE3,01-02-2023
34.209999084472656,35.349998474121094,31.969999313354492,32.5099983215332,119636100,25.510684967041016,0.0,,BBSE3,01-03-2023
32.5099983215332,35.810001373291016,31.899999618530273,34.310001373291016,91016300,26.923152923583984,0.0,,BBSE3,01-04-2023
34.310001373291016,34.54999923706055,30.290000915527344,30.93000030517578,142170300,24.270858764648438,0.0,,BBSE3,01-05-2023
31.010000228881836,31.43000030517578,29.209999084472656,30.770000457763672,155909900,24.145305633544922,0.0,,BBSE3,01-06-2023
31.100000381469727,32.0099983215332,29.799999237060547,31.1200008392334,108057500,24.419952392578125,0.0,,BBSE3,01-07-2023
31.1200008392334,32.939998626708984,29.440000534057617,30.3799991607666,116905500,23.839269638061523,1.607637,,BBSE3,01-08-2023
30.559999465942383,32.220001220703125,30.5,31.209999084472656,91062200,25.763412475585938,0.0,,BBSE3,01-09-2023
31.25,32.619998931884766,30.530000686645508,30.760000228881836,86068800,25.391944885253906,0.0,,BBSE3,01-10-2023
30.760000228881836,32.380001068115234,30.709999084472656,31.299999237060547,106859300,25.83770751953125,0.0,,BBSE3,01-11-2023
31.239999771118164,33.650001525878906,30.1299991607666,33.650001525878906,118526600,27.777599334716797,0.0,,BBSE3,01-12-2023
33.650001525878906,34.97999954223633,32.97999954223633,34.25,94614800,28.272891998291016,0.0,,BBSE3,01-01-2024
34.2599983215332,36.09000015258789,32.099998474121094,33.34000015258789,107614500,27.52170181274414,1.261289,,BBSE3,01-02-2024
33.349998474121094,33.849998474121094,31.8700008392334,32.52000045776367,91331500,27.86346435546875,0.0,,BBSE3,01-03-2024
32.58000183105469,33.540000915527344,31.950000762939453,32.20000076293945,104216100,27.58928680419922,0.0,,BBSE3,01-04-2024
32.20000076293945,34.529998779296875,32.11000061035156,32.29999923706055,104411100,27.674964904785156,0.0,,BBSE3,01-05-2024
32.220001220703125,33.79999923706055,31.899999618530273,32.93000030517578,87353400,28.21475601196289,0.0,,BBSE3,01-06-2024
32.97999954223633,35.18000030517578,32.61000061035156,35.16999816894531,84174200,30.134008407592773,0.0,,BBSE3,01-07-2024
35.279998779296875,37.650001525878906,33.470001220703125,36.72999954223633,117076900,31.47063636779785,1.390909,,BBSE3,01-08-2024
36.869998931884766,37.58000183105469,34.849998474121094,35.5,82456000,31.595252990722656,0.0,,BBSE3,01-09-2024
35.630001068115234,36.220001220703125,33.630001068115234,34.27000045776367,101268400,30.50054359436035,0.0,,BBSE3,01-10-2024
34.54999923706055,35.31999969482422,33.2599983215332,33.529998779296875,82529500,29.841938018798828,0.0,,BBSE3,01-11-2024
33.52000045776367,37.75,33.369998931884766,36.18000030517578,108573400,32.20045852661133,0.0,,BBSE3,01-12-2024
36.18000030517578,39.279998779296875,35.720001220703125,38.540000915527344,99693000,34.30087661743164,0.0,,BBSE3,01-01-2025
38.540000915527344,40.22999954223633,36.619998931884766,37.84000015258789,129280900,33.67787170410156,2.320161,,BBSE3,01-02-2025
37.84000015258789,40.70000076293945,37.810001373291016,40.29999923706055,87060900,38.084075927734375,0.0,,BBSE3,01-03-2025
40.29999923706055,42.77000045776367,38.97999954223633,42.77000045776367,93438100,40.41826248168945,0.0,,BBSE3,01-04-2025
42.77000045776367,42.77000045776367,37.310001373291016,37.5099983215332,121826000,35.44748306274414,0.0,,BBSE3,01-05-2025
37.68000030517578,37.79999923706055,34.7599983215332,35.79999923706055,113209500,33.831512451171875,0.0,,BBSE3,01-06-2025
36.47999954223633,36.939998626708984,33.36000061035156,33.70000076293945,127805600,31.846982955932617,0.0,,BBSE3,01-07-2025
33.939998626708984,35.58000183105469,31.530000686645508,32.81999969482422,145388200,31.015369415283203,1.942095,,BBSE3,01-08-2025
32.939998626708984,33.599998474121094,31.850000381469727,33.2599983215332,142783300,33.2599983215332,0.0,,BBSE3,01-09-2025
33.33000183105469,33.599998474121094,31.68000030517578,32.849998474121094,87700900,32.849998474121094,0.0,,BBSE3,01-10-2025
33.06999969482422,34.400001525878906,32.88999938964844,33.81999969482422,26457300,33.81999969482422,0.0,,BBSE3,01-11-2025
34.029998779296875,34.09000015258789,33.90999984741211,33.939998626708984,207100,33.939998626708984,0.0,,BBSE3,10-11-2025
25.399999618530273,28.520000457763672,25.290000915527344,28.34000015258789,1130782800,8.39554214477539,0.0,,PETR4,01-12-2020
28.34000015258789,31.760000228881836,26.530000686645508,26.690000534057617,1280972200,7.906739711761475,0.0,,PETR4,01-01-2021
27.260000228881836,30.920000076293945,21.399999618530273,22.239999771118164,2315976900,6.588456153869629,0.0,,PETR4,01-02-2021
22.799999237060547,24.229999542236328,20.479999542236328,24.100000381469727,2074682300,7.139469623565674,0.0,,PETR4,01-03-2021
24.290000915527344,24.889999389648438,22.770000457763672,23.6200008392334,1304622900,6.997272491455078,0.792834,,PETR4,01-04-2021
23.799999237060547,27.200000762939453,22.8799991607666,26.8700008392334,1592590200,8.227965354919434,0.0,,PETR4,01-05-2021
27.399999618530273,29.790000915527344,27.010000228881836,29.43000030517578,1447669000,9.011874198913574,0.0,,PETR4,01-06-2021
29.739999771118164,29.8799991607666,25.860000610351562,26.90999984741211,1223787100,8.240214347839355,0.0,,PETR4,01-07-2021
27.200000762939453,29.610000610351562,25.790000915527344,27.190000534057617,1848940900,8.325953483581543,1.609911,,PETR4,01-08-2021
27.31999969482422,27.889999389648438,23.790000915527344,27.229999542236328,1595055700,8.834824562072754,0.0,,PETR4,01-09-2021
27.1200008392334,30.219999313354492,25.770000457763672,27.149999618530273,1753099400,8.808868408203125,0.0,,PETR4,01-10-2021
27.709999084472656,29.81999969482422,25.719999313354492,29.43000030517578,1664007300,9.54862117767334,0.0,,PETR4,01-11-2021
29.84000015258789,30.670000076293945,26.200000762939453,28.5,1444452500,9.246879577636719,3.250487,,PETR4,01-12-2021
28.540000915527344,34.63999938964844,27.719999313354492,32.349998474121094,1541898600,11.790811538696289,0.0,,PETR4,01-01-2022
32.349998474121094,35.290000915527344,31.260000228881836,34.0,1238599400,12.392196655273438,0.0,,PETR4,01-02-2022
34.0,35.290000915527344,29.5,33.45000076293945,1787988700,12.19173526763916,0.0,,PETR4,01-03-2022
33.54999923706055,34.79999923706055,29.540000915527344,30.280000686645508,1298805900,11.036347389221191,2.970249,,PETR4,01-04-2022
30.170000076293945,36.310001373291016,29.1200008392334,30.059999465942383,2010479700,11.98599910736084,3.71549,,PETR4,01-05-2022
29.899999618530273,31.299999237060547,25.90999984741211,27.93000030517578,1452733100,12.41047191619873,0.0,,PETR4,01-06-2022
28.079999923706055,34.65999984741211,26.90999984741211,34.150001525878906,1304287600,15.174283027648926,0.0,,PETR4,01-07-2022
34.0,37.86000061035156,29.079999923706055,33.22999954223633,2035727200,14.765484809875488,6.732003,,PETR4,01-08-2022
33.36000061035156,34.56999969482422,28.579999923706055,29.799999237060547,1642190500,16.26127815246582,0.0,,PETR4,01-09-2022
31.90999984741211,38.38999938964844,29.15999984741211,29.809999465942383,2239291800,16.266740798950195,0.0,,PETR4,01-10-2022
30.56999969482422,30.899999618530273,22.299999237060547,26.65999984741211,2271197400,14.547842979431152,1.748708,,PETR4,01-11-2022
26.579999923706055,26.790000915527344,20.770000457763672,24.5,1753508800,14.303157806396484,0.0,,PETR4,01-12-2022
23.540000915527344,27.600000381469727,21.829999923706055,26.06999969482422,1485512700,15.219727516174316,0.0,,PETR4,01-01-2023
26.06999969482422,27.059999465942383,24.420000076293945,25.239999771118164,1124794800,14.735173225402832,0.0,,PETR4,01-02-2023
25.309999465942383,26.229999542236328,22.479999542236328,23.450000762939453,1492304700,13.690165519714355,0.0,,PETR4,01-03-2023
24.09000015258789,27.6200008392334,23.149999618530273,23.700000762939453,1137044600,13.836116790771484,2.930163,,PETR4,01-04-2023
23.700000762939453,27.030000686645508,22.420000076293945,26.1200008392334,1441438400,17.177364349365234,0.0,,PETR4,01-05-2023
26.299999237060547,32.0,26.15999984741211,29.530000686645508,1466708000,19.419891357421875,1.893576,,PETR4,01-06-2023
29.719999313354492,31.219999313354492,27.950000762939453,31.110000610351562,971702000,21.798696517944336,0.0,,PETR4,01-07-2023
31.09000015258789,32.790000915527344,29.719999313354492,31.940000534057617,1232223100,22.380271911621094,1.149304,,PETR4,01-08-2023
32.209999084472656,34.709999084472656,31.959999084472656,34.63999938964844,892997400,25.19738006591797,0.0,,PETR4,01-09-2023
34.54999923706055,38.86000061035156,32.290000915527344,34.7400016784668,1183724900,25.270118713378906,0.0,,PETR4,01-10-2023
35.02000045776367,37.220001220703125,33.90999984741211,35.90999984741211,994520000,26.121185302734375,1.371248,,PETR4,01-11-2023
35.720001220703125,37.43000030517578,33.040000915527344,37.2400016784668,753744800,28.150270462036133,0.0,,PETR4,01-12-2023
37.2400016784668,41.2400016784668,37.22999954223633,40.7599983215332,719797700,30.81109046936035,0.0,,PETR4,01-01-2024
40.779998779296875,42.939998626708984,39.83000183105469,40.13999938964844,716697000,30.342426300048828,0.0,,PETR4,01-02-2024
40.349998474121094,40.939998626708984,35.099998474121094,37.36000061035156,1066009700,28.240982055664062,0.0,,PETR4,01-03-2024
37.5,42.47999954223633,37.16999816894531,42.02000045776367,1060361700,31.763545989990234,1.150024,,PETR4,01-04-2024
42.25,42.380001068115234,36.40999984741211,38.790000915527344,879143100,30.14299964904785,1.776022,,PETR4,01-05-2024
38.83000183105469,38.93000030517578,34.150001525878906,38.04999923706055,692920200,30.86766242980957,1.043242,,PETR4,01-06-2024
38.310001373291016,39.099998474121094,36.38999938964844,37.40999984741211,641938100,31.21312713623047,0.0,,PETR4,01-07-2024
37.75,39.86000061035156,34.599998474121094,39.369998931884766,882985200,32.84845733642578,1.0532,,PETR4,01-08-2024
39.33000183105469,39.400001525878906,35.91999816894531,36.0099983215332,670650700,30.900100708007812,0.0,,PETR4,01-09-2024
36.0099983215332,38.380001068115234,35.34000015258789,35.90999984741211,650632500,30.814294815063477,0.0,,PETR4,01-10-2024
36.20000076293945,39.86000061035156,35.029998779296875,38.900001525878906,686521000,33.380008697509766,0.0,,PETR4,01-11-2024
38.900001525878906,40.7599983215332,35.599998474121094,36.189998626708984,635866200,31.054561614990234,1.551743,,PETR4,01-12-2024
36.189998626708984,38.369998931884766,36.060001373291016,37.689998626708984,588366600,34.91246795654297,1.356891,,PETR4,01-01-2025
37.7599983215332,38.65999984741211,35.47999954223633,35.93000030517578,674268300,33.28217315673828,0.0,,PETR4,01-02-2025
35.93000030517578,37.970001220703125,33.90999984741211,37.15999984741211,596507300,34.42152786254883,0.0,,PETR4,01-03-2025
37.29999923706055,37.970001220703125,29.959999084472656,29.989999771118164,1156914000,27.7799129486084,0.74813,,PETR4,01-04-2025
30.200000762939453,32.40999984741211,29.65999984741211,30.899999618530273,780411100,29.3306941986084,0.0,,PETR4,01-05-2025
31.639999389648438,33.34000015258789,28.860000610351562,31.3799991607666,879136800,29.786317825317383,0.909166,,PETR4,01-06-2025
31.450000762939453,32.83000183105469,30.600000381469727,32.63999938964844,552123600,31.91594696044922,0.0,,PETR4,01-07-2025
32.79999923706055,32.939998626708984,29.739999771118164,31.100000381469727,704477200,30.41010856628418,0.671924,,PETR4,01-08-2025
31.200000762939453,32.79999923706055,30.190000534057617,31.459999084472656,637641600,31.459999084472656,0.0,,PETR4,01-09-2025
31.450000762939453,31.549999237060547,29.309999465942383,29.75,633953000,29.75,0.0,,PETR4,01-10-2025
29.8799991607666,32.18000030517578,29.799999237060547,32.18000030517578,271139700,32.18000030517578,0.0,,PETR4,01-11-2025
32.29999923706055,32.349998474121094,32.20000076293945,32.2400016784668,5207300,32.2400016784668,0.0,,PETR4,10-11-2025
33.220001220703125,34.369998931884766,32.029998779296875,33.400001525878906,31919600,20.683120727539062,0.157381,,TAEE11,01-12-2020
33.400001525878906,34.06999969482422,32.040000915527344,32.54999923706055,29346100,20.251548767089844,0.0,,TAEE11,01-01-2021
32.310001373291016,33.70000076293945,30.649999618530273,30.760000228881836,28377400,19.13787078857422,0.0,,TAEE11,01-02-2021
30.93000030517578,39.61000061035156,29.81999969482422,38.91999816894531,65988000,24.21475601196289,0.0,,TAEE11,01-03-2021
39.04999923706055,41.83000183105469,37.650001525878906,41.79999923706055,41173400,26.006593704223633,0.0,,TAEE11,01-04-2021
42.540000915527344,42.68000030517578,37.20000076293945,38.7400016784668,46283000,24.102767944335938,1.631192,,TAEE11,01-05-2021
38.72999954223633,40.970001220703125,36.709999084472656,36.900001525878906,32808500,24.703113555908203,1.354363,,TAEE11,01-06-2021
37.0,39.0,36.40999984741211,38.029998779296875,30712600,25.459606170654297,0.0,,TAEE11,01-07-2021
38.209999084472656,40.4900016784668,37.5,37.90999984741211,47804600,25.3792667388916,0.0,,TAEE11,01-08-2021
38.04999923706055,38.77000045776367,35.459999084472656,35.84000015258789,48548000,23.993484497070312,0.0,,TAEE11,01-09-2021
36.20000076293945,38.13999938964844,35.06999969482422,36.65999984741211,51004500,24.542444229125977,0.0,,TAEE11,01-10-2021
37.0,37.970001220703125,35.0099983215332,36.060001373291016,38456800,24.140764236450195,0.0,,TAEE11,01-11-2021
36.08000183105469,38.560001373291016,35.349998474121094,36.290000915527344,33153400,24.29474639892578,1.518146,,TAEE11,01-12-2021
36.369998931884766,38.560001373291016,35.939998626708984,38.279998779296875,39454500,26.693695068359375,0.0,,TAEE11,01-01-2022
38.099998474121094,40.0,37.2599983215332,39.36000061035156,36151600,27.446809768676758,0.0,,TAEE11,01-02-2022
39.36000061035156,44.939998626708984,39.34000015258789,44.13999938964844,56997600,30.780031204223633,0.0,,TAEE11,01-03-2022
44.2400016784668,46.06999969482422,43.66999816894531,44.290000915527344,37171200,30.884634017944336,0.0,,TAEE11,01-04-2022
43.97999954223633,45.470001220703125,39.790000915527344,40.380001068115234,53854000,28.158082962036133,2.323063,,TAEE11,01-05-2022
40.209999084472656,41.900001525878906,38.16999816894531,38.619998931884766,45005800,28.396385192871094,0.0,,TAEE11,01-06-2022
38.630001068115234,41.0,38.09000015258789,40.459999084472656,35495300,29.74929428100586,0.0,,TAEE11,01-07-2022
40.459999084472656,44.0,40.15999984741211,41.68000030517578,43606800,30.646329879760742,1.470929,,TAEE11,01-08-2022
42.0,42.720001220703125,38.459999084472656,38.95000076293945,37616300,29.644203186035156,0.0,,TAEE11,01-09-2022
38.95000076293945,40.79999923706055,38.540000915527344,40.189998626708984,44957000,30.587942123413086,0.0,,TAEE11,01-10-2022
40.18000030517578,40.9900016784668,34.849998474121094,35.0099983215332,48460900,26.645532608032227,1.060606,,TAEE11,01-11-2022
34.540000915527344,36.16999816894531,32.5099983215332,34.599998474121094,52252200,27.045988082885742,0.0,,TAEE11,01-12-2022
34.68000030517578,37.16999816894531,33.779998779296875,37.08000183105469,51016800,28.98454475402832,1.335273,,TAEE11,01-01-2023
37.06999969482422,37.279998779296875,35.220001220703125,35.560001373291016,26805000,28.873628616333008,0.0,,TAEE11,01-02-2023
35.599998474121094,37.5,34.189998626708984,34.83000183105469,49560500,28.280893325805664,0.0,,TAEE11,01-03-2023
34.849998474121094,36.459999084472656,33.279998779296875,36.40999984741211,60825100,29.56380271911621,0.0,,TAEE11,01-04-2023
36.40999984741211,38.18000030517578,34.369998931884766,36.91999816894531,49330200,29.9779052734375,0.075612,,TAEE11,01-05-2023
37.0099983215332,38.349998474121094,36.27000045776367,37.63999938964844,46616900,30.62669563293457,0.0,,TAEE11,01-06-2023
37.900001525878906,37.970001220703125,36.0,36.0,40125700,29.292264938354492,0.0,,TAEE11,01-07-2023
36.150001525878906,37.06999969482422,34.20000076293945,34.20000076293945,47747200,27.827655792236328,0.909844,,TAEE11,01-08-2023
34.310001373291016,35.36000061035156,34.0,34.560001373291016,40465400,28.842506408691406,0.0,,TAEE11,01-09-2023
34.630001068115234,34.63999938964844,33.2400016784668,33.790000915527344,37625400,28.199892044067383,0.0,,TAEE11,01-10-2023
33.84000015258789,36.88999938964844,33.68000030517578,36.459999084472656,38554300,30.428171157836914,0.593779,,TAEE11,01-11-2023
36.40999984741211,38.459999084472656,35.720001220703125,38.380001068115234,27445500,32.56364059448242,0.0,,TAEE11,01-12-2023
38.380001068115234,38.619998931884766,36.43000030517578,36.43000030517578,28273000,30.909151077270508,0.66184,,TAEE11,01-01-2024
36.88999938964844,37.099998474121094,34.41999816894531,35.400001525878906,33849000,30.56241226196289,0.0,,TAEE11,01-02-2024
35.38999938964844,36.470001220703125,34.56999969482422,36.310001373291016,30415700,31.348058700561523,0.0,,TAEE11,01-03-2024
36.310001373291016,36.720001220703125,35.040000915527344,35.220001220703125,50192700,30.407012939453125,0.0,,TAEE11,01-04-2024
35.400001525878906,36.91999816894531,34.279998779296875,34.279998779296875,52112600,29.595470428466797,1.132902,,TAEE11,01-05-2024
33.88999938964844,34.47999954223633,33.099998474121094,34.22999954223633,44969300,30.868549346923828,0.420591,,TAEE11,01-06-2024
34.22999954223633,35.380001068115234,33.709999084472656,33.790000915527344,29898600,30.471759796142578,0.0,,TAEE11,01-07-2024
33.84000015258789,36.099998474121094,33.81999969482422,35.45000076293945,39648300,31.9687442779541,0.648124,,TAEE11,01-08-2024
35.189998626708984,36.5,34.04999923706055,34.2400016784668,30353700,31.452442169189453,0.0,,TAEE11,01-09-2024
34.25,35.34000015258789,34.11000061035156,35.02000045776367,36858900,32.1689338684082,0.0,,TAEE11,01-10-2024
35.0,35.689998626708984,33.47999954223633,34.09000015258789,40820300,31.31464958190918,0.668999,,TAEE11,01-11-2024
34.0,34.709999084472656,32.52000045776367,32.86000061035156,43704300,30.76739501953125,0.0,,TAEE11,01-12-2024
32.880001068115234,34.0,31.780000686645508,33.5099983215332,41036300,31.375999450683594,0.0,,TAEE11,01-01-2025
33.4900016784668,34.0,32.52000045776367,32.790000915527344,28311100,30.70185089111328,0.0,,TAEE11,01-02-2025
32.790000915527344,34.849998474121094,32.599998474121094,33.65999984741211,31022800,31.516447067260742,0.0,,TAEE11,01-03-2025
33.65999984741211,36.560001373291016,33.529998779296875,35.91999816894531,33453200,33.63251876831055,0.875206,,TAEE11,01-04-2025
35.900001525878906,36.77000045776367,34.400001525878906,35.380001068115234,41593700,33.9485969543457,0.546522,,TAEE11,01-05-2025
35.36000061035156,35.529998779296875,33.66999816894531,34.93000030517578,31750500,34.04357147216797,0.0,,TAEE11,01-06-2025
34.810001373291016,35.16999816894531,33.15999984741211,33.36000061035156,26490900,32.5134162902832,0.0,,TAEE11,01-07-2025
33.560001373291016,34.91999816894531,32.84000015258789,34.869998931884766,47238700,33.98509216308594,0.869171,,TAEE11,01-08-2025
34.880001068115234,37.189998626708984,34.18000030517578,36.65999984741211,36393400,36.65999984741211,0.0,,TAEE11,01-09-2025
36.650001525878906,38.349998474121094,35.59000015258789,38.099998474121094,36983700,38.099998474121094,0.0,,TAEE11,01-10-2025
38.130001068115234,40.630001068115234,37.88999938964844,40.54999923706055,12013900,40.54999923706055,0.0,,TAEE11,01-11-2025
40.54999923706055,41.0,40.439998626708984,40.5099983215332,282900,40.5099983215332,0.0,,TAEE11,10-11-2025
79.83000183105469,88.58000183105469,77.30999755859375,87.44999694824219,604783000,53.187767028808594,0.0,,VALE3,01-12-2020
87.44999694824219,103.3499984741211,87.44999694824219,87.94999694824219,647863400,53.491859436035156,0.0,,VALE3,01-01-2021
90.01000213623047,98.94999694824219,87.51000213623047,94.5199966430664,550703700,57.48778533935547,0.0,,VALE3,01-02-2021
96.0,104.0,90.61000061035156,97.97000122070312,673728000,59.58610916137695,4.261646,,VALE3,01-03-2021
98.5,112.94999694824219,96.12999725341797,109.0199966430664,455038400,69.29393005371094,0.0,,VALE3,01-04-2021
109.69999694824219,120.44999694824219,106.02999877929688,114.77999877929688,589702400,72.95501708984375,0.0,,VALE3,01-05-2021
117.0,118.0,104.9000015258789,113.25,536206400,71.98253631591797,2.18967,,VALE3,01-06-2021
113.41000366210938,117.5999984741211,108.76000213623047,108.76000213623047,423025900,70.49382019042969,0.0,,VALE3,01-07-2021
110.9000015258789,113.25,96.16000366210938,98.68000030517578,518553500,63.96037292480469,0.0,,VALE3,01-08-2021
97.36000061035156,100.87999725341797,74.55999755859375,76.23999786376953,730880200,49.415672302246094,8.197239,,VALE3,01-09-2021
76.75,83.0999984741211,71.0199966430664,71.61000061035156,528807200,51.236122131347656,0.0,,VALE3,01-10-2021
72.0,72.86000061035156,61.849998474121094,69.94999694824219,604991100,50.04841232299805,0.0,,VALE3,01-11-2021
71.30000305175781,80.66999816894531,69.97000122070312,78.75,494826400,56.34471893310547,0.0,,VALE3,01-12-2021
79.0,89.0,76.9000015258789,80.87000274658203,517965900,57.86155319213867,0.0,,VALE3,01-01-2022
81.5,94.4800033569336,81.37000274658203,92.27999877929688,527069700,66.02526092529297,0.0,,VALE3,01-02-2022
92.27999877929688,107.11000061035156,87.27999877929688,95.5999984741211,748437300,68.40068817138672,3.719256,,VALE3,01-03-2022
96.77999877929688,98.25,77.54000091552734,83.29000091552734,563584000,61.88411331176758,0.0,,VALE3,01-04-2022
83.16000366210938,87.43000030517578,74.87000274658203,86.20999908447266,650035900,64.05367279052734,0.0,,VALE3,01-05-2022
86.19000244140625,90.88999938964844,72.43000030517578,76.55999755859375,583178600,56.883758544921875,0.0,,VALE3,01-06-2022
75.5199966430664,78.22000122070312,66.18000030517578,69.75,608321400,51.82395553588867,0.0,,VALE3,01-07-2022
68.94000244140625,73.6500015258789,64.4000015258789,64.5,748138300,47.92322540283203,3.572057,,VALE3,01-08-2022
63.97999954223633,72.9000015258789,61.900001525878906,72.04000091552734,758090000,56.29966735839844,0.0,,VALE3,01-09-2022
73.23999786376953,79.44000244140625,65.5199966430664,67.12999725341797,829629000,52.46247100830078,0.0,,VALE3,01-10-2022
69.44999694824219,86.62000274658203,66.58000183105469,85.70999908447266,759204900,66.98285675048828,0.0,,VALE3,01-11-2022
86.41999816894531,90.20999908447266,83.86000061035156,88.87999725341797,620397900,69.4602279663086,0.292013,,VALE3,01-12-2022
88.68000030517578,98.29000091552734,87.94999694824219,94.51000213623047,482054400,74.11146545410156,0.0,,VALE3,01-01-2023
95.19999694824219,95.19999694824219,83.6500015258789,85.31999969482422,384190600,66.90499114990234,0.0,,VALE3,01-02-2023
87.7699966430664,90.30000305175781,78.02999877929688,80.29000091552734,514656200,62.960655212402344,1.827646,,VALE3,01-03-2023
79.80000305175781,82.94999694824219,69.18000030517578,72.4000015258789,449556400,58.020389556884766,0.0,,VALE3,01-04-2023
72.4000015258789,72.4000015258789,63.5099983215332,63.810001373291016,695091700,51.136474609375,0.0,,VALE3,01-05-2023
64.94000244140625,70.19999694824219,64.1500015258789,64.22000122070312,654623500,51.46504211425781,0.0,,VALE3,01-06-2023
64.70999908447266,72.66000366210938,64.30999755859375,69.16000366210938,552314100,55.42388916015625,0.0,,VALE3,01-07-2023
68.7699966430664,68.80999755859375,61.0,65.08000183105469,643578300,52.154239654541016,1.918472,,VALE3,01-08-2023
66.69000244140625,71.2300033569336,65.30999755859375,67.58000183105469,536765700,55.791568756103516,0.0,,VALE3,01-09-2023
67.58000183105469,69.23999786376953,62.0,69.0,482564500,56.963863372802734,0.0,,VALE3,01-10-2023
69.26000213623047,78.55000305175781,69.23999786376953,73.8499984741211,518208300,60.96785354614258,2.331662,,VALE3,01-11-2023
74.7300033569336,78.19999694824219,71.76000213623047,77.19999694824219,376472700,65.6999740600586,0.0,,VALE3,01-12-2023
77.19999694824219,78.18000030517578,67.11000061035156,67.76000213623047,603063000,57.666202545166016,0.0,,VALE3,01-01-2024
67.87000274658203,69.06999969482422,65.04000091552734,66.98999786376953,498725100,57.010902404785156,0.0,,VALE3,01-02-2024
66.88999938964844,67.66000366210938,59.36000061035156,60.83000183105469,524953300,51.768524169921875,2.738548,,VALE3,01-03-2024
61.599998474121094,64.08999633789062,59.61000061035156,63.290000915527344,523043100,56.27142333984375,0.0,,VALE3,01-04-2024
63.70000076293945,67.0999984741211,62.790000915527344,63.20000076293945,384013300,56.19140625,0.0,,VALE3,01-05-2024
62.84000015258789,62.849998474121094,59.709999084472656,62.220001220703125,351222700,55.32008361816406,0.0,,VALE3,01-06-2024
62.709999084472656,64.83999633789062,60.0,61.630001068115234,499968000,54.795509338378906,0.0,,VALE3,01-07-2024
61.849998474121094,61.869998931884766,55.47999954223633,59.58000183105469,591104600,52.97284698486328,2.093798,,VALE3,01-08-2024
58.81999969482422,65.31999969482422,55.93000030517578,63.5099983215332,482522300,58.52980422973633,0.0,,VALE3,01-09-2024
63.5,65.3499984741211,59.150001525878906,62.060001373291016,507422200,57.19350814819336,0.0,,VALE3,01-10-2024
62.13999938964844,63.9900016784668,56.84000015258789,58.779998779296875,408087800,54.170711517333984,0.0,,VALE3,01-11-2024
58.849998474121094,60.189998626708984,53.33000183105469,54.54999923706055,453823300,50.27241134643555,0.520531,,VALE3,01-12-2024
54.54999923706055,55.599998474121094,50.869998931884766,54.16999816894531,767502800,50.3677864074707,0.0,,VALE3,01-01-2025
53.72999954223633,58.56999969482422,53.33000183105469,55.150001525878906,589498500,51.27900314331055,0.0,,VALE3,01-02-2025
55.150001525878906,58.45000076293945,53.150001525878906,56.70000076293945,417889500,52.720211029052734,2.141847,,VALE3,01-03-2025
57.099998474121094,57.93000030517578,48.77000045776367,52.86000061035156,510393200,51.06801223754883,0.0,,VALE3,01-04-2025
53.2599983215332,55.689998626708984,52.04999923706055,52.099998474121094,333756800,50.33377456665039,0.0,,VALE3,01-05-2025
52.58000183105469,54.04999923706055,49.720001220703125,52.650001525878906,433967100,50.86513137817383,0.0,,VALE3,01-06-2025
52.599998474121094,57.970001220703125,52.369998931884766,53.459999084472656,569244400,51.64767074584961,0.0,,VALE3,01-07-2025
54.2400016784668,56.189998626708984,52.86000061035156,55.560001373291016,430794200,53.67647933959961,1.895387,,VALE3,01-08-2025
55.13999938964844,58.54999923706055,54.810001373291016,57.58000183105469,348911800,57.58000183105469,0.0,,VALE3,01-09-2025
57.7599983215332,65.55000305175781,57.7599983215332,65.26000213623047,498773100,65.26000213623047,0.0,,VALE3,01-10-2025
65.0999984741211,66.16999816894531,64.0199966430664,64.77999877929688,98285900,64.77999877929688,0.0,,VALE3,01-11-2025
65.05999755859375,65.30000305175781,65.05999755859375,65.16999816894531,696100,65.16999816894531,0.0,,VALE3,10-11-2025
8.229999542236328,9.920000076293945,8.069999694824219,8.850000381469727,346067300,8.840904235839844,0.0,,EMBR3,01-12-2020
8.850000381469727,10.09000015258789,8.210000038146973,8.789999961853027,331264000,8.780965805053711,0.0,,EMBR3,01-01-2021
8.930000305175781,13.329999923706055,8.770000457763672,12.229999542236328,336879300,12.217429161071777,0.0,,EMBR3,01-02-2021
12.529999732971191,15.039999961853027,11.489999771118164,14.010000228881836,406182600,13.995600700378418,0.0,,EMBR3,01-03-2021
14.180000305175781,16.549999237060547,13.859999656677246,15.399999618530273,235399200,15.384171485900879,0.0,,EMBR3,01-04-2021
15.220000267028809,18.030000686645508,15.140000343322754,17.280000686645508,216676200,17.262239456176758,0.0,,EMBR3,01-05-2021
17.790000915527344,21.559999465942383,17.149999618530273,18.8700008392334,241084100,18.850605010986328,0.0,,EMBR3,01-06-2021
18.989999771118164,19.920000076293945,16.719999313354492,18.59000015258789,190193700,18.570892333984375,0.0,,EMBR3,01-07-2021
18.790000915527344,23.850000381469727,17.84000015258789,23.420000076293945,288123800,23.39592933654785,0.0,,EMBR3,01-08-2021
23.600000381469727,24.65999984741211,19.959999084472656,23.1299991607666,239583800,23.106225967407227,0.0,,EMBR3,01-09-2021
23.350000381469727,26.600000381469727,21.510000228881836,21.93000030517578,196525400,21.907459259033203,0.0,,EMBR3,01-10-2021
22.09000015258789,23.729999542236328,18.719999313354492,19.139999389648438,189953100,19.12032699584961,0.0,,EMBR3,01-11-2021
19.799999237060547,25.110000610351562,18.139999389648438,25.020000457763672,214900500,24.99428367614746,0.0,,EMBR3,01-12-2021
24.81999969482422,25.6200008392334,19.190000534057617,20.309999465942383,214820000,20.28912353515625,0.0,,EMBR3,01-01-2022
20.229999542236328,21.200000762939453,15.539999961853027,17.600000381469727,184779600,17.581911087036133,0.0,,EMBR3,01-02-2022
17.600000381469727,17.950000762939453,12.930000305175781,14.960000038146973,261767100,14.944623947143555,0.0,,EMBR3,01-03-2022
15.119999885559082,15.34000015258789,13.260000228881836,14.210000038146973,200772800,14.195394515991211,0.0,,EMBR3,01-04-2022
14.210000038146973,14.6899995803833,11.8100004196167,12.739999771118164,210212900,12.72690486907959,0.0,,EMBR3,01-05-2022
12.779999732971191,13.75,11.029999732971191,11.4399995803833,156196600,11.428241729736328,0.0,,EMBR3,01-06-2022
11.390000343322754,12.260000228881836,10.75,11.75,127649800,11.737922668457031,0.0,,EMBR3,01-07-2022
11.75,15.390000343322754,11.649999618530273,13.819999694824219,137001100,13.805794715881348,0.0,,EMBR3,01-08-2022
13.789999961853027,14.119999885559082,11.569999694824219,11.649999618530273,144585100,11.638025283813477,0.0,,EMBR3,01-09-2022
11.90999984741211,13.829999923706055,11.390000343322754,13.75,137679100,13.735867500305176,0.0,,EMBR3,01-10-2022
13.800000190734863,14.649999618530273,12.65999984741211,13.550000190734863,182195000,13.536072731018066,0.0,,EMBR3,01-11-2022
13.720000267028809,14.430000305175781,12.880000114440918,14.3100004196167,142402600,14.295291900634766,0.0,,EMBR3,01-12-2022
14.15999984741211,17.079999923706055,13.90999984741211,16.350000381469727,157159400,16.333194732666016,0.0,,EMBR3,01-01-2023
16.450000762939453,17.25,15.779999732971191,16.59000015258789,121262600,16.572948455810547,0.0,,EMBR3,01-02-2023
16.6299991607666,21.270000457763672,16.440000534057617,20.790000915527344,246441400,20.768632888793945,0.0,,EMBR3,01-03-2023
20.760000228881836,21.040000915527344,18.709999084472656,19.420000076293945,145071000,19.400039672851562,0.0,,EMBR3,01-04-2023
19.420000076293945,19.510000228881836,16.110000610351562,19.020000457763672,240823400,19.000452041625977,0.0,,EMBR3,01-05-2023
18.959999084472656,20.8799991607666,16.860000610351562,18.540000915527344,226222800,18.520944595336914,0.0,,EMBR3,01-06-2023
18.399999618530273,18.889999389648438,16.959999084472656,18.510000228881836,110674500,18.49097442626953,0.0,,EMBR3,01-07-2023
18.43000030517578,19.690000534057617,17.239999771118164,19.489999771118164,163628000,19.469966888427734,0.0,,EMBR3,01-08-2023
19.59000015258789,20.170000076293945,16.549999237060547,17.219999313354492,127822600,17.202301025390625,0.0,,EMBR3,01-09-2023
17.18000030517578,18.290000915527344,16.219999313354492,17.59000015258789,113018400,17.57192039489746,0.0,,EMBR3,01-10-2023
17.579999923706055,21.6200008392334,17.579999923706055,21.5,122565700,21.477901458740234,0.0,,EMBR3,01-11-2023
21.549999237060547,24.65999984741211,21.540000915527344,22.389999389648438,169050500,22.366987228393555,0.0,,EMBR3,01-12-2023
22.389999389648438,23.25,20.81999969482422,22.780000686645508,117911500,22.7565860748291,0.0,,EMBR3,01-01-2024
22.690000534057617,24.43000030517578,21.450000762939453,24.43000030517578,111114400,24.404890060424805,0.0,,EMBR3,01-02-2024
24.93000030517578,33.90999984741211,24.719999313354492,33.310001373291016,226703300,33.27576446533203,0.0,,EMBR3,01-03-2024
33.5099983215332,33.83000183105469,30.559999465942383,33.349998474121094,119667000,33.31571960449219,0.0,,EMBR3,01-04-2024
33.36000061035156,39.77000045776367,32.720001220703125,36.22999954223633,141012400,36.1927604675293,0.0,,EMBR3,01-05-2024
36.400001525878906,40.849998474121094,35.2599983215332,36.150001525878906,141737200,36.11284637451172,0.0,,EMBR3,01-06-2024
36.25,44.220001220703125,35.70000076293945,43.810001373291016,158996500,43.76497268676758,0.0,,EMBR3,01-07-2024
43.869998931884766,47.439998626708984,37.41999816894531,46.83000183105469,222965000,46.78186798095703,0.0,,EMBR3,01-08-2024
46.83000183105469,51.93000030517578,44.849998474121094,47.970001220703125,145244900,47.92069625854492,0.0,,EMBR3,01-09-2024
48.54999923706055,50.650001525878906,45.16999816894531,48.47999954223633,110907400,48.430171966552734,0.0,,EMBR3,01-10-2024
48.7400016784668,58.779998779296875,47.939998626708984,58.130001068115234,134263900,58.070255279541016,0.0,,EMBR3,01-11-2024
57.959999084472656,58.81999969482422,54.439998626708984,56.189998626708984,103174500,56.13224411010742,0.0,,EMBR3,01-12-2024
56.189998626708984,62.900001525878906,55.810001373291016,59.70000076293945,106980600,59.638641357421875,0.0,,EMBR3,01-01-2025
59.849998474121094,70.30999755859375,57.18000030517578,69.72000122070312,159861600,69.6483383178711,0.0,,EMBR3,01-02-2025
69.72000122070312,79.83000183105469,63.810001373291016,65.75,143611000,65.68241882324219,0.0,,EMBR3,01-03-2025
66.05999755859375,67.94000244140625,58.119998931884766,64.91999816894531,116961900,64.853271484375,0.0,,EMBR3,01-04-2025
64.7300033569336,70.83999633789062,62.439998626708984,65.48999786376953,81968900,65.42268371582031,0.070007,,EMBR3,01-05-2025
66.0,77.58000183105469,63.90999984741211,77.01000213623047,95566200,77.01000213623047,0.0,,EMBR3,01-06-2025
78.0,83.94999694824219,65.05999755859375,80.66000366210938,206990900,80.66000366210938,0.0,,EMBR3,01-07-2025
80.69999694824219,83.16000366210938,74.37000274658203,76.19999694824219,119110800,76.19999694824219,0.0,,EMBR3,01-08-2025
75.70999908447266,84.06999969482422,74.4000015258789,80.29000091552734,107456400,80.29000091552734,0.0,,EMBR3,01-09-2025
80.68000030517578,89.87999725341797,75.62999725341797,86.98999786376953,115103700,86.98999786376953,0.0,,EMBR3,01-10-2025
86.98999786376953,87.83999633789062,83.01000213623047,86.30000305175781,20683900,86.30000305175781,0.0,,EMBR3,01-11-2025
8.930000305175781,9.84000015258789,8.789999961853027,9.84000015258789,1580600,5.726502895355225,0.09,,GOAU3,01-12-2020
9.84000015258789,11.489999771118164,9.270000457763672,9.539999961853027,1446400,5.604676723480225,0.0,,GOAU3,01-01-2021
9.5600004196167,10.710000038146973,9.300000190734863,9.979999542236328,1063800,5.863173484802246,0.0,,GOAU3,01-02-2021
10.25,11.449999809265137,9.890000343322754,11.420000076293945,1655800,6.709161758422852,0.08,,GOAU3,01-03-2021
11.449999809265137,14.0,10.960000038146973,13.729999542236328,1579000,8.126240730285645,0.0,,GOAU3,01-04-2021
13.729999542236328,15.960000038146973,13.279999732971191,14.050000190734863,2174900,8.31563663482666,0.21,,GOAU3,01-05-2021
14.220000267028809,14.649999618530273,12.529999732971191,12.850000381469727,2031700,7.7173261642456055,0.0,,GOAU3,01-06-2021
12.800000190734863,13.239999771118164,12.180000305175781,12.729999542236328,1865800,7.645257949829102,0.0,,GOAU3,01-07-2021
12.770000457763672,12.989999771118164,11.119999885559082,11.489999771118164,787300,6.900551795959473,0.28,,GOAU3,01-08-2021
11.369999885559082,11.4399995803833,9.739999771118164,11.319999694824219,946800,6.95748233795166,0.2,,GOAU3,01-09-2021
11.529999732971191,12.739999771118164,10.710000038146973,11.949999809265137,1645800,7.478231906890869,0.0,,GOAU3,01-10-2021
12.199999809265137,12.420000076293945,9.050000190734863,9.5600004196167,5563700,5.982586860656738,1.55,,GOAU3,01-11-2021
9.649999618530273,11.050000190734863,9.579999923706055,10.630000114440918,1747800,7.74675989151001,0.0,,GOAU3,01-12-2021
10.699999809265137,10.90999984741211,9.920000076293945,10.199999809265137,1799500,7.433389663696289,0.0,,GOAU3,01-01-2022
10.1899995803833,10.699999809265137,9.0600004196167,9.619999885559082,1938700,7.010706901550293,0.0,,GOAU3,01-02-2022
9.619999885559082,10.9399995803833,9.619999885559082,10.670000076293945,2163500,7.775908946990967,0.1,,GOAU3,01-03-2022
10.800000190734863,10.84000015258789,9.899999618530273,10.5,1300300,7.7260966300964355,0.0,,GOAU3,01-04-2022
10.520000457763672,11.180000305175781,10.010000228881836,11.050000190734863,1643200,8.130797386169434,0.29,,GOAU3,01-05-2022
11.109999656677246,11.550000190734863,8.65999984741211,9.029999732971191,2275500,6.823854923248291,0.0,,GOAU3,01-06-2022
8.960000038146973,9.770000457763672,8.630000114440918,9.770000457763672,5481300,7.383063793182373,0.0,,GOAU3,01-07-2022
9.5600004196167,10.430000305175781,9.199999809265137,9.510000228881836,3385300,7.18658447265625,0.36,,GOAU3,01-08-2022
9.489999771118164,10.050000190734863,9.220000267028809,9.850000381469727,2224900,7.714465141296387,0.0,,GOAU3,01-09-2022
9.979999542236328,11.050000190734863,9.869999885559082,10.40999984741211,1615400,8.153053283691406,0.0,,GOAU3,01-10-2022
10.40999984741211,12.140000343322754,10.359999656677246,12.0600004196167,5972100,9.445323944091797,0.5,,GOAU3,01-11-2022
12.050000190734863,12.420000076293945,11.479999542236328,12.069999694824219,5827700,9.870330810546875,0.0,,GOAU3,01-12-2022
11.760000228881836,13.800000190734863,11.760000228881836,13.699999809265137,2921400,11.203272819519043,0.0,,GOAU3,01-01-2023
13.680000305175781,13.680000305175781,11.229999542236328,11.229999542236328,2769200,9.1834135055542,0.0,,GOAU3,01-02-2023
11.3100004196167,12.300000190734863,10.489999771118164,11.069999694824219,2931900,9.052572250366211,0.1,,GOAU3,01-03-2023
11.100000381469727,11.529999732971191,10.319999694824219,11.0,1945600,9.075644493103027,0.0,,GOAU3,01-04-2023
11.0,11.149999618530273,10.289999961853027,10.899999618530273,4834200,8.993139266967773,0.3,,GOAU3,01-05-2023
10.890000343322754,11.9399995803833,10.729999542236328,11.59000015258789,2657700,9.835640907287598,0.0,,GOAU3,01-06-2023
11.59000015258789,13.390000343322754,11.550000190734863,13.300000190734863,1055500,11.286802291870117,0.0,,GOAU3,01-07-2023
13.25,13.449999809265137,11.3100004196167,11.739999771118164,1095700,9.962937355041504,0.26,,GOAU3,01-08-2023
11.739999771118164,12.079999923706055,10.859999656677246,11.140000343322754,974000,9.662768363952637,0.0,,GOAU3,01-09-2023
11.25,11.25,9.75,10.149999618530273,1070900,8.804047584533691,0.0,,GOAU3,01-10-2023
10.109999656677246,12.489999771118164,10.109999656677246,10.550000190734863,3010900,9.151007652282715,0.93,,GOAU3,01-11-2023
10.579999923706055,11.109999656677246,10.40999984741211,11.079999923706055,1245900,10.385917663574219,0.0,,GOAU3,01-12-2023
11.079999923706055,11.180000305175781,10.010000228881836,10.15999984741211,2564500,9.523548126220703,0.0,,GOAU3,01-01-2024
10.279999732971191,10.510000228881836,10.010000228881836,10.359999656677246,1416500,9.711021423339844,0.0,,GOAU3,01-02-2024
10.359999656677246,10.649999618530273,9.949999809265137,10.600000381469727,1667000,9.93598747253418,0.05,,GOAU3,01-03-2024
10.550000190734863,11.539999961853027,10.380000114440918,10.6899995803833,1259400,10.068292617797852,0.0,,GOAU3,01-04-2024
10.699999809265137,11.720000267028809,10.6899995803833,10.819999694824219,1398500,10.190732955932617,0.19,,GOAU3,01-05-2024
10.779999732971191,10.789999961853027,10.050000190734863,10.699999809265137,966000,10.248368263244629,0.0,,GOAU3,01-06-2024
10.699999809265137,11.300000190734863,10.510000228881836,10.6899995803833,767800,10.238790512084961,0.0,,GOAU3,01-07-2024
10.600000381469727,10.930000305175781,10.020000457763672,10.550000190734863,910400,10.104700088500977,0.08,,GOAU3,01-08-2024
10.5600004196167,11.0,10.359999656677246,10.739999771118164,1104200,10.366965293884277,0.0,,GOAU3,01-09-2024
10.850000381469727,10.899999618530273,9.949999809265137,10.170000076293945,1373500,9.816764831542969,0.0,,GOAU3,01-10-2024
10.130000114440918,11.460000038146973,10.010000228881836,11.380000114440918,2496200,10.984737396240234,0.13,,GOAU3,01-11-2024
11.399999618530273,12.0,10.130000114440918,10.180000305175781,1288700,9.942971229553223,0.0,,GOAU3,01-12-2024
10.109999656677246,10.300000190734863,9.369999885559082,9.789999961853027,844800,9.562050819396973,0.0,,GOAU3,01-01-2025
9.75,10.0,9.010000228881836,9.329999923706055,1101900,9.112762451171875,0.0,,GOAU3,01-02-2025
9.329999923706055,9.779999732971191,9.100000381469727,9.119999885559082,572500,8.9076509475708,0.05,,GOAU3,01-03-2025
9.220000267028809,9.40999984741211,8.039999961853027,8.670000076293945,848600,8.513754844665527,0.0,,GOAU3,01-04-2025
8.670000076293945,9.069999694824219,8.270000457763672,8.569999694824219,728000,8.415556907653809,0.08,,GOAU3,01-05-2025
8.550000190734863,9.739999771118164,8.550000190734863,8.949999809265137,566600,8.871232032775879,0.0,,GOAU3,01-06-2025
9.0,9.710000038146973,8.850000381469727,9.380000114440918,677100,9.29744815826416,0.0,,GOAU3,01-07-2025
9.380000114440918,9.579999923706055,8.859999656677246,9.380000114440918,932300,9.29744815826416,0.08,,GOAU3,01-08-2025
9.520000457763672,9.930000305175781,9.260000228881836,9.520000457763672,625000,9.520000457763672,0.0,,GOAU3,01-09-2025
9.539999961853027,11.100000381469727,9.510000228881836,11.09000015258789,1031800,11.09000015258789,0.0,,GOAU3,01-10-2025
11.09000015258789,11.239999771118164,10.789999961853027,11.050000190734863,290500,11.050000190734863,0.0,,GOAU3,01-11-2025
11.050000190734863,11.15999984741211,11.050000190734863,11.100000381469727,4400,11.100000381469727,0.0,,GOAU3,10-11-2025
19.219999313354492,21.0,18.549999237060547,19.239999771118164,223428300,18.27229118347168,0.0,,RAIL3,01-12-2020
19.239999771118164,21.420000076293945,18.790000915527344,20.299999237060547,232781500,19.278976440429688,0.0,,RAIL3,01-01-2021
20.8799991607666,21.979999542236328,18.100000381469727,18.100000381469727,267418700,17.189632415771484,0.0,,RAIL3,01-02-2021
18.1299991607666,20.979999542236328,17.43000030517578,20.25,279842600,19.231491088867188,0.0,,RAIL3,01-03-2021
20.200000762939453,21.399999618530273,19.670000076293945,20.0,166925600,18.99406623840332,0.0,,RAIL3,01-04-2021
20.020000457763672,21.649999618530273,19.809999465942383,20.670000076293945,160612200,19.630367279052734,0.0,,RAIL3,01-05-2021
20.790000915527344,22.0,19.149999618530273,19.149999618530273,174230700,18.186817169189453,0.0,,RAIL3,01-06-2021
19.209999084472656,21.860000610351562,19.059999465942383,20.65999984741211,190111700,19.620868682861328,0.0,,RAIL3,01-07-2021
20.790000915527344,21.25,17.5,18.719999313354492,209559400,17.778446197509766,0.0,,RAIL3,01-08-2021
18.739999771118164,19.540000915527344,16.760000228881836,16.790000915527344,230575700,15.945518493652344,0.0,,RAIL3,01-09-2021
16.739999771118164,18.75,15.630000114440918,15.989999771118164,261038200,15.185754776000977,0.0,,RAIL3,01-10-2021
16.229999542236328,17.979999542236328,16.040000915527344,17.56999969482422,268080200,16.686288833618164,0.0,,RAIL3,01-11-2021
17.829999923706055,19.1299991607666,17.049999237060547,17.760000228881836,239882400,16.866731643676758,0.0,,RAIL3,01-12-2021
17.899999618530273,17.899999618530273,15.390000343322754,15.619999885559082,228186900,14.834365844726562,0.0,,RAIL3,01-01-2022
15.760000228881836,16.979999542236328,14.720000267028809,15.5,290608700,14.7204008102417,0.0,,RAIL3,01-02-2022
15.5,19.229999542236328,14.979999542236328,18.549999237060547,256168700,17.616994857788086,0.0,,RAIL3,01-03-2022
18.700000762939453,19.09000015258789,16.3700008392334,16.3700008392334,164512300,15.54664421081543,0.019307,,RAIL3,01-04-2022
16.360000610351562,17.81999969482422,14.979999542236328,17.68000030517578,266364400,16.809120178222656,0.0,,RAIL3,01-05-2022
17.68000030517578,18.729999542236328,15.829999923706055,15.970000267028809,217792700,15.18335247039795,0.0,,RAIL3,01-06-2022
15.819999694824219,17.729999542236328,15.220000267028809,17.540000915527344,154505500,16.67601776123047,0.0,,RAIL3,01-07-2022
17.489999771118164,20.81999969482422,17.3700008392334,20.209999084472656,235806100,19.214496612548828,0.0,,RAIL3,01-08-2022
20.5,20.90999984741211,17.979999542236328,18.479999542236328,271635800,17.56971549987793,0.0,,RAIL3,01-09-2022
18.950000762939453,22.299999237060547,18.06999969482422,22.139999389648438,282972200,21.04943084716797,0.0,,RAIL3,01-10-2022
22.34000015258789,22.34000015258789,18.0,19.459999084472656,287666600,18.501441955566406,0.0,,RAIL3,01-11-2022
19.1299991607666,19.549999237060547,16.209999084472656,18.610000610351562,231241800,17.693313598632812,0.0,,RAIL3,01-12-2022
18.309999465942383,19.25,17.110000610351562,18.3799991607666,186687600,17.474641799926758,0.0,,RAIL3,01-01-2023
18.329999923706055,18.670000076293945,16.93000030517578,17.959999084472656,189853400,17.075328826904297,0.0,,RAIL3,01-02-2023
18.059999465942383,19.610000610351562,17.15999984741211,18.850000381469727,251347500,17.921489715576172,0.0,,RAIL3,01-03-2023
18.959999084472656,19.90999984741211,18.43000030517578,19.700000762939453,177314600,18.72962188720703,0.066017,,RAIL3,01-04-2023
19.700000762939453,21.420000076293945,19.43000030517578,20.81999969482422,228361100,19.862356185913086,0.0,,RAIL3,01-05-2023
20.829999923706055,23.3700008392334,20.610000610351562,22.200000762939453,344328500,21.178882598876953,0.0,,RAIL3,01-06-2023
21.860000610351562,24.440000534057617,21.40999984741211,23.239999771118164,292533300,22.171045303344727,0.0,,RAIL3,01-07-2023
23.059999465942383,24.360000610351562,21.739999771118164,22.350000381469727,348871700,21.321983337402344,0.0,,RAIL3,01-08-2023
22.399999618530273,24.360000610351562,21.739999771118164,22.81999969482422,314334900,21.770362854003906,0.0,,RAIL3,01-09-2023
22.809999465942383,23.1200008392334,21.09000015258789,22.309999465942383,280957200,21.283823013305664,0.0,,RAIL3,01-10-2023
22.299999237060547,23.940000534057617,22.219999313354492,22.899999618530273,305476400,21.846683502197266,0.0,,RAIL3,01-11-2023
22.920000076293945,23.59000015258789,21.559999465942383,22.950000762939453,237043500,21.894386291503906,0.0,,RAIL3,01-12-2023
22.950000762939453,23.920000076293945,21.510000228881836,23.059999465942383,258127500,21.999326705932617,0.0,,RAIL3,01-01-2024
23.1200008392334,24.549999237060547,22.280000686645508,22.719999313354492,195890900,21.674964904785156,0.0,,RAIL3,01-02-2024
22.739999771118164,22.780000686645508,21.75,22.260000228881836,195443200,21.236122131347656,0.0,,RAIL3,01-03-2024
22.299999237060547,23.290000915527344,20.040000915527344,20.15999984741211,256123700,19.23271369934082,0.0,,RAIL3,01-04-2024
20.15999984741211,21.440000534057617,19.450000762939453,19.709999084472656,201420200,18.80341339111328,0.092402,,RAIL3,01-05-2024
19.760000228881836,21.209999084472656,19.15999984741211,20.719999313354492,242846800,19.857973098754883,0.0,,RAIL3,01-06-2024
20.549999237060547,23.56999969482422,20.459999084472656,22.149999618530273,200882800,21.22848129272461,0.0,,RAIL3,01-07-2024
22.3799991607666,24.399999618530273,21.690000534057617,21.850000381469727,290225400,20.940961837768555,0.0,,RAIL3,01-08-2024
21.700000762939453,21.940000534057617,19.549999237060547,20.0,288038300,19.16792869567871,0.0,,RAIL3,01-09-2024
20.0,20.25,18.729999542236328,19.899999618530273,335635700,19.07208824157715,0.0,,RAIL3,01-10-2024
19.950000762939453,20.850000381469727,18.739999771118164,19.450000762939453,302111300,18.640811920166016,0.0,,RAIL3,01-11-2024
19.15999984741211,20.399999618530273,17.670000076293945,17.84000015258789,233679600,17.09779167175293,0.0,,RAIL3,01-12-2024
17.760000228881836,18.510000228881836,16.579999923706055,18.399999618530273,281956100,17.63449478149414,0.0,,RAIL3,01-01-2025
18.5,20.06999969482422,16.93000030517578,16.93000030517578,284583700,16.22565269470215,0.0,,RAIL3,01-02-2025
16.93000030517578,18.5,16.010000228881836,16.219999313354492,200522100,15.54518985748291,0.0,,RAIL3,01-03-2025
16.219999313354492,20.0,15.949999809265137,19.399999618530273,272480500,18.5928897857666,0.0,,RAIL3,01-04-2025
19.209999084472656,19.450000762939453,17.280000686645508,18.81999969482422,239660100,18.037019729614258,0.0,,RAIL3,01-05-2025
19.040000915527344,20.530000686645508,17.420000076293945,18.530000686645508,231562300,17.75908660888672,0.810438,,RAIL3,01-06-2025
18.59000015258789,18.950000762939453,16.170000076293945,16.540000915527344,210604700,16.540000915527344,0.0,,RAIL3,01-07-2025
16.770000457763672,16.989999771118164,14.220000267028809,14.550000190734863,296501800,14.550000190734863,0.0,,RAIL3,01-08-2025
14.579999923706055,16.049999237060547,14.020000457763672,15.970000267028809,319593700,15.970000267028809,0.0,,RAIL3,01-09-2025
16.110000610351562,16.149999618530273,15.010000228881836,15.920000076293945,343855000,15.920000076293945,0.0,,RAIL3,01-10-2025
16.0,16.030000686645508,15.390000343322754,15.640000343322754,60637100,15.640000343322754,0.0,,RAIL3,01-11-2025
15.739999771118164,15.770000457763672,15.609999656677246,15.619999885559082,202300,15.619999885559082,0.0,,RAIL3,10-11-2025
55.900001525878906,59.099998474121094,49.52000045776367,58.540000915527344,193788700,52.2291259765625,0.0,,SUZB3,01-12-2020
58.540000915527344,67.80000305175781,57.34000015258789,62.04999923706055,182295300,55.36073303222656,0.0,,SUZB3,01-01-2021
62.72999954223633,78.8499984741211,61.709999084472656,73.16999816894531,156077400,65.28194427490234,0.0,,SUZB3,01-02-2021
74.16999816894531,79.80999755859375,68.55000305175781,68.55000305175781,207529200,61.160003662109375,0.0,,SUZB3,01-03-2021
68.79000091552734,73.80000305175781,67.26000213623047,68.66999816894531,132370300,61.26706314086914,0.0,,SUZB3,01-04-2021
68.27999877929688,70.75,60.43000030517578,60.72999954223633,144285600,54.18303298950195,0.0,,SUZB3,01-05-2021
60.61000061035156,61.439998626708984,55.25,59.810001373291016,157850200,53.36221694946289,0.0,,SUZB3,01-06-2021
59.810001373291016,61.72999954223633,54.02000045776367,54.06999969482422,123028000,48.24100875854492,0.0,,SUZB3,01-07-2021
54.540000915527344,62.90999984741211,53.83000183105469,61.0,164204200,54.423927307128906,0.0,,SUZB3,01-08-2021
61.29999923706055,63.93000030517578,50.310001373291016,54.52000045776367,183311100,48.64250183105469,0.0,,SUZB3,01-09-2021
53.66999816894531,54.0,47.130001068115234,49.22999954223633,201789500,43.92278289794922,0.0,,SUZB3,01-10-2021
49.77000045776367,57.470001220703125,47.900001525878906,56.15999984741211,133254400,50.1057014465332,0.0,,SUZB3,01-11-2021
56.88999938964844,61.95000076293945,55.560001373291016,59.97999954223633,118143800,53.51388168334961,0.0,,SUZB3,01-12-2021
60.34000015258789,63.41999816894531,55.400001525878906,59.20000076293945,139992300,52.81797409057617,0.741168,,SUZB3,01-01-2022
58.7599983215332,61.810001373291016,52.099998474121094,55.06999969482422,117652500,49.71953201293945,0.0,,SUZB3,01-02-2022
55.06999969482422,64.55999755859375,52.709999084472656,55.150001525878906,171741200,49.7917594909668,0.0,,SUZB3,01-03-2022
55.4900016784668,55.7599983215332,49.61000061035156,49.61000061035156,114800100,44.79001235961914,0.0,,SUZB3,01-04-2022
49.68000030517578,54.709999084472656,48.15999984741211,53.5,127624900,48.30207061767578,0.592805,,SUZB3,01-05-2022
53.5,54.689998626708984,44.90999984741211,49.689998626708984,131354700,45.379974365234375,0.0,,SUZB3,01-06-2022
49.709999084472656,50.79999923706055,43.5099983215332,48.290000915527344,109828900,44.101409912109375,0.0,,SUZB3,01-07-2022
48.36000061035156,51.400001525878906,44.2599983215332,44.2599983215332,133367900,40.42095947265625,0.0,,SUZB3,01-08-2022
44.47999954223633,45.90999984741211,41.900001525878906,44.5,109135700,40.6401481628418,0.0,,SUZB3,01-09-2022
44.68000030517578,55.400001525878906,44.220001220703125,53.20000076293945,120249300,48.58552169799805,0.0,,SUZB3,01-10-2022
52.86000061035156,59.880001068115234,51.720001220703125,53.150001525878906,148536300,48.53986358642578,0.0,,SUZB3,01-11-2022
52.810001373291016,55.459999084472656,46.0,48.2400016784668,141176000,44.05574417114258,1.794781,,SUZB3,01-12-2022
48.2400016784668,51.70000076293945,44.150001525878906,46.36000061035156,130689200,43.8697624206543,0.0,,SUZB3,01-01-2023
46.20000076293945,48.84000015258789,44.400001525878906,47.7400016784668,90087000,45.175636291503906,0.0,,SUZB3,01-02-2023
48.09000015258789,48.68000030517578,41.599998474121094,41.599998474121094,117365000,39.36544418334961,0.0,,SUZB3,01-03-2023
41.79999923706055,43.36000061035156,37.150001525878906,39.79999923706055,139036000,37.662132263183594,0.0,,SUZB3,01-04-2023
39.79999923706055,47.560001373291016,39.529998779296875,44.779998779296875,166726800,42.374629974365234,0.0,,SUZB3,01-05-2023
45.02000045776367,48.79999923706055,43.560001373291016,44.220001220703125,148556800,41.84471130371094,0.0,,SUZB3,01-06-2023
44.310001373291016,48.61000061035156,43.279998779296875,48.06999969482422,90122300,45.48790740966797,0.0,,SUZB3,01-07-2023
48.11000061035156,51.880001068115234,47.66999816894531,50.150001525878906,99523000,47.456180572509766,0.0,,SUZB3,01-08-2023
50.31999969482422,56.900001525878906,47.47999954223633,54.279998779296875,127188500,51.36433410644531,0.0,,SUZB3,01-09-2023
54.099998474121094,59.04999923706055,51.25,51.56999969482422,152957500,48.799903869628906,0.0,,SUZB3,01-10-2023
51.43000030517578,55.119998931884766,50.40999984741211,53.779998779296875,109709000,50.89119338989258,0.0,,SUZB3,01-11-2023
53.400001525878906,56.02000045776367,49.72999954223633,55.630001068115234,120466000,52.641822814941406,1.163375,,SUZB3,01-12-2023
55.630001068115234,56.290000915527344,50.310001373291016,51.619998931884766,75642800,49.989559173583984,0.0,,SUZB3,01-01-2024
51.619998931884766,58.040000915527344,50.709999084472656,56.349998474121094,79429800,54.570159912109375,0.0,,SUZB3,01-02-2024
56.45000076293945,64.08000183105469,56.400001525878906,63.97999954223633,114574400,61.959163665771484,0.0,,SUZB3,01-03-2024
64.0,65.51000213623047,58.099998474121094,58.459999084472656,122249400,56.6135139465332,0.0,,SUZB3,01-04-2024
59.040000915527344,59.95000076293945,47.7400016784668,48.70000076293945,303891700,47.16178894042969,0.0,,SUZB3,01-05-2024
48.70000076293945,59.09000015258789,46.18000030517578,57.0099983215332,186635300,55.209312438964844,0.0,,SUZB3,01-06-2024
57.16999816894531,58.119998931884766,51.45000076293945,53.86000061035156,180442200,52.158809661865234,0.0,,SUZB3,01-07-2024
53.7400016784668,57.09000015258789,51.33000183105469,55.0,151432000,53.26279830932617,0.0,,SUZB3,01-08-2024
54.72999954223633,55.9900016784668,51.16999816894531,54.439998626708984,100570200,52.72048568725586,0.0,,SUZB3,01-09-2024
54.5099983215332,60.880001068115234,53.70000076293945,59.77000045776367,127927500,57.882137298583984,0.0,,SUZB3,01-10-2024
59.79999923706055,63.29999923706055,57.650001525878906,62.400001525878906,133891800,60.42906951904297,0.0,,SUZB3,01-11-2024
62.060001373291016,66.81999969482422,59.130001068115234,61.779998779296875,159757800,59.82864761352539,2.017363,,SUZB3,01-12-2024
61.779998779296875,63.540000915527344,59.7400016784668,62.369998931884766,107584200,62.369998931884766,0.0,,SUZB3,01-01-2025
62.54999923706055,63.5099983215332,56.04999923706055,56.310001373291016,114882900,56.310001373291016,0.0,,SUZB3,01-02-2025
56.310001373291016,56.61000061035156,52.939998626708984,52.939998626708984,105168800,52.939998626708984,0.0,,SUZB3,01-03-2025
53.25,53.66999816894531,49.900001525878906,50.08000183105469,128415100,50.08000183105469,0.0,,SUZB3,01-04-2025
50.040000915527344,54.150001525878906,49.2599983215332,49.650001525878906,127787900,49.650001525878906,0.0,,SUZB3,01-05-2025
49.95000076293945,55.41999816894531,49.439998626708984,51.209999084472656,135686000,51.209999084472656,0.0,,SUZB3,01-06-2025
51.63999938964844,53.09000015258789,49.150001525878906,52.150001525878906,96986200,52.150001525878906,0.0,,SUZB3,01-07-2025
52.279998779296875,55.279998779296875,50.279998779296875,52.45000076293945,91271200,52.45000076293945,0.0,,SUZB3,01-08-2025
52.59000015258789,53.66999816894531,48.70000076293945,49.900001525878906,103757300,49.900001525878906,0.0,,SUZB3,01-09-2025
49.75,51.13999938964844,47.22999954223633,48.88999938964844,105153600,48.88999938964844,0.0,,SUZB3,01-10-2025
48.9900016784668,49.7599983215332,47.349998474121094,47.619998931884766,26341300,47.619998931884766,0.0,,SUZB3,01-11-2025
47.90999984741211,47.90999984741211,47.13999938964844,47.470001220703125,502800,47.470001220703125,0.0,,SUZB3,10-11-2025
36.92499923706055,38.32500076293945,34.150001525878906,37.869998931884766,208157200,34.90718460083008,0.018441,0.0,WEGE3,01-12-2020
37.869998931884766,46.93000030517578,37.0,41.89500045776367,242434200,38.6368522644043,0.0,0.0,WEGE3,01-01-2021
42.70500183105469,45.040000915527344,39.005001068115234,39.025001525878906,231344400,35.99004364013672,0.0,0.0,WEGE3,01-02-2021
39.459999084472656,39.95000076293945,34.560001373291016,37.279998779296875,307563800,34.380760192871094,0.174679,0.0,WEGE3,01-03-2021
37.63999938964844,39.349998474121094,34.5,35.0099983215332,210059900,32.447540283203125,0.016912,2.0,WEGE3,01-04-2021
35.0,35.25,31.139999389648438,34.150001525878906,181007800,31.650495529174805,0.0,0.0,WEGE3,01-05-2021
34.400001525878906,35.900001525878906,32.849998474121094,33.689998626708984,163574200,31.224159240722656,0.020529,0.0,WEGE3,01-06-2021
33.849998474121094,37.70000076293945,33.470001220703125,35.709999084472656,152896700,33.11656951904297,0.0,0.0,WEGE3,01-07-2021
36.25,37.36000061035156,33.02000045776367,35.560001373291016,178248900,32.97746276855469,0.158175,0.0,WEGE3,01-08-2021
35.689998626708984,41.650001525878906,35.0099983215332,39.630001068115234,192595400,36.915401458740234,0.020705,0.0,WEGE3,01-09-2021
39.779998779296875,41.150001525878906,36.369998931884766,37.0,153374900,34.482826232910156,0.0,0.0,WEGE3,01-10-2021
37.5099983215332,38.349998474121094,31.579999923706055,32.22999954223633,132959600,30.037330627441406,0.0,0.0,WEGE3,01-11-2021
32.58000183105469,37.11000061035156,32.15999984741211,33.09000015258789,141994000,30.83881950378418,0.032,0.0,WEGE3,01-12-2021
32.720001220703125,33.47999954223633,28.1299991607666,32.15999984741211,172888600,29.999635696411133,0.0,0.0,WEGE3,01-01-2022
32.099998474121094,33.16999816894531,27.520000457763672,29.399999618530273,153481000,27.4250431060791,0.205203,0.0,WEGE3,01-02-2022
29.399999618530273,35.29999923706055,29.350000381469727,34.869998931884766,190591800,32.75305938720703,0.036764,0.0,WEGE3,01-03-2022
35.20000076293945,35.83000183105469,29.829999923706055,30.100000381469727,152297100,28.304290771484375,0.0,0.0,WEGE3,01-04-2022
29.90999984741211,30.280000686645508,24.899999618530273,25.3700008392334,223156500,23.856470108032227,0.0,0.0,WEGE3,01-05-2022
25.610000610351562,26.979999542236328,22.81999969482422,26.450000762939453,223190000,24.87204360961914,0.043294,0.0,WEGE3,01-06-2022
26.450000762939453,28.639999389648438,25.010000228881836,28.040000915527344,169849200,26.410400390625,0.131948,0.0,WEGE3,01-07-2022
28.040000915527344,31.06999969482422,27.719999313354492,28.290000915527344,162710600,26.782634735107422,0.0,0.0,WEGE3,01-08-2022
28.280000686645508,32.22999954223633,27.600000381469727,32.13999938964844,156644500,30.427490234375,0.044118,0.0,WEGE3,01-09-2022
32.33000183105469,40.599998474121094,31.329999923706055,40.279998779296875,176045100,38.18888473510742,0.0,0.0,WEGE3,01-10-2022
40.04999923706055,42.41999816894531,36.43000030517578,39.0,187698000,36.97533416748047,0.0,0.0,WEGE3,01-11-2022
38.810001373291016,39.380001068115234,35.45000076293945,38.5099983215332,151561300,36.510765075683594,0.054353,0.0,WEGE3,01-12-2022
38.5,39.36000061035156,36.65999984741211,38.2400016784668,153823500,36.30748748779297,0.0,0.0,WEGE3,01-01-2023
38.189998626708984,39.75,37.220001220703125,39.15999984741211,128372300,37.180992126464844,0.226304,0.0,WEGE3,01-02-2023
39.15999984741211,42.369998931884766,38.689998626708984,40.54999923706055,146958600,38.72191619873047,0.053235,0.0,WEGE3,01-03-2023
40.790000915527344,41.38999938964844,38.16999816894531,41.119998931884766,123723300,39.3187141418457,0.0,0.0,WEGE3,01-04-2023
41.119998931884766,41.56999969482422,37.61000061035156,37.61000061035156,131483600,35.96247863769531,0.0,0.0,WEGE3,01-05-2023
37.83000183105469,38.79999923706055,35.81999969482422,37.75,162887900,36.096343994140625,0.058294,0.0,WEGE3,01-06-2023
37.869998931884766,42.08000183105469,35.04999923706055,39.91999816894531,215265000,38.23218536376953,0.145202,0.0,WEGE3,01-07-2023
39.91999816894531,41.45000076293945,35.63999938964844,35.880001068115234,143515300,34.49177932739258,0.0,0.0,WEGE3,01-08-2023
35.7599983215332,37.720001220703125,34.59000015258789,36.27000045776367,142499800,34.86668014526367,0.059824,0.0,WEGE3,01-09-2023
36.27000045776367,36.540000915527344,31.469999313354492,33.0099983215332,198364300,31.78778839111328,0.0,0.0,WEGE3,01-10-2023
32.95000076293945,34.56999969482422,32.20000076293945,34.189998626708984,145052600,32.92409896850586,0.0,0.0,WEGE3,01-11-2023
34.189998626708984,37.220001220703125,34.16999816894531,36.90999984741211,98401600,35.543392181396484,0.071941,0.0,WEGE3,01-12-2023
36.90999984741211,37.290000915527344,32.25,32.34000015258789,112401000,31.204904556274414,0.0,0.0,WEGE3,01-01-2024
32.369998931884766,37.09000015258789,32.09000015258789,36.689998626708984,140037300,35.40222930908203,0.297943,0.0,WEGE3,01-02-2024
36.779998779296875,40.02000045776367,36.52000045776367,38.20000076293945,110848400,37.16699981689453,0.057765,0.0,WEGE3,01-03-2024
38.20000076293945,39.77000045776367,37.029998779296875,39.54999923706055,129379000,38.53651428222656,0.0,0.0,WEGE3,01-04-2024
39.54999923706055,40.0,37.36000061035156,37.54999923706055,144194500,36.5877571105957,0.0,0.0,WEGE3,01-05-2024
37.72999954223633,42.34000015258789,36.790000915527344,42.189998626708984,156064400,41.10886001586914,0.0,0.0,WEGE3,01-06-2024
41.849998474121094,50.880001068115234,41.7599983215332,50.65999984741211,146250900,49.36180877685547,0.062765,0.0,WEGE3,01-07-2024
50.599998474121094,54.779998779296875,47.56999969482422,54.150001525878906,176740600,52.84099197387695,0.187552,0.0,WEGE3,01-08-2024
54.4900016784668,56.2400016784668,51.95000076293945,54.38999938964844,118614400,53.2757453918457,0.070059,0.0,WEGE3,01-09-2024
55.0,57.220001220703125,53.25,54.11000061035156,141266400,53.067840576171875,0.0,0.0,WEGE3,01-10-2024
54.95000076293945,56.61000061035156,51.529998779296875,53.939998626708984,120468300,52.9011116027832,0.0,0.0,WEGE3,01-11-2024
53.540000915527344,59.83000183105469,52.72999954223633,52.77000045776367,131100000,51.75364303588867,0.079765,0.0,WEGE3,01-12-2024
52.77000045776367,57.900001525878906,51.65999984741211,55.040000915527344,136887100,54.05756759643555,0.0,0.0,WEGE3,01-01-2025
54.61000061035156,55.0,47.720001220703125,48.41999816894531,157787600,47.55572509765625,0.0,0.0,WEGE3,01-02-2025
48.41999816894531,48.41999816894531,45.150001525878906,45.279998779296875,130502200,44.471771240234375,0.302653,0.0,WEGE3,01-03-2025
45.61000061035156,50.86000061035156,42.650001525878906,44.63999938964844,173823400,44.193504333496094,0.080706,0.0,WEGE3,01-04-2025
44.63999938964844,45.5,41.790000915527344,42.349998474121094,176080200,41.92640686035156,0.0,0.0,WEGE3,01-05-2025
42.349998474121094,43.900001525878906,40.849998474121094,42.779998779296875,140688300,42.35210418701172,0.094059,0.0,WEGE3,01-06-2025
42.68000030517578,43.380001068115234,35.75,37.11000061035156,286838000,36.82199478149414,0.17145,0.0,WEGE3,01-07-2025
37.27000045776367,39.630001068115234,35.25,37.65999984741211,184534900,37.54569625854492,0.0,0.0,WEGE3,01-08-2025
37.93000030517578,38.2400016784668,36.029998779296875,36.59000015258789,158169000,36.478946685791016,0.110235,0.0,WEGE3,01-09-2025
36.290000915527344,43.22999954223633,35.40999984741211,42.099998474121094,266307000,42.099998474121094,0.0,0.0,WEGE3,01-10-2025
42.38999938964844,45.119998931884766,41.97999954223633,45.0,46304400,45.0,0.0,0.0,WEGE3,01-11-2025
45.20000076293945,45.380001068115234,45.02000045776367,45.130001068115234,388000,45.130001068115234,0.0,0.0,WEGE3,10-11-2025
