ATIVO,PRECO,SETOR,INDUSTRIA
AFHI11,92.54,REIT - Diversified,Real Estate
AIEC11,48.44,REIT - Specialty,Real Estate
AJFI11,7.67,REIT - Diversified,Real Estate
ALZR11,10.37,Real Estate Services,Real Estate
ARRI11,6.56,REIT - Residential,Real Estate
AZPL11,7.65,REIT - Industrial,Real Estate
BBIG11,6.9,REIT - Retail,Real Estate
BCIA11,83.83,REIT - Diversified,Real Estate
BCRI11,63.2,REIT - Diversified,Real Estate
BLMG11,33.88,REIT - Industrial,Real Estate
BPML11,77.0,REIT - Retail,Real Estate
BRCO11,111.49,REIT - Industrial,Real Estate
BRCR11,41.98,REIT - Office,Real Estate
BROF11,53.07,REIT - Diversified,Real Estate
BTAL11,77.54,REIT - Industrial,Real Estate
BTCI11,9.2,Asset Management,Financial Services
BTHF11,8.59,REIT - Diversified,Real Estate
BTLG11,101.5,REIT - Industrial,Real Estate
CACR11,68.6,REIT - Diversified,Real Estate
CCME11,8.85,REIT - Diversified,Real Estate
CLIN11,88.97,REIT - Diversified,Real Estate
CPSH11,9.58,REIT - Retail,Real Estate
CPTS11,7.45,REIT - Diversified,Real Estate
CVBI11,85.5,REIT - Residential,Real Estate
CYCR11,8.61,REIT - Diversified,Real Estate
DEVA11,26.77,REIT - Diversified,Real Estate
FATN11,81.92,REIT - Specialty,Real Estate
GARE11,9.0,REIT - Specialty,Real Estate
GGRC11,9.71,REIT - Industrial,Real Estate
GTWR11,75.95,REIT - Office,Real Estate
GZIT11,44.24,REIT - Specialty,Real Estate
HABT11,77.5,Asset Management,Financial Services
HCTR11,22.36,Asset Management,Financial Services
HFOF11,5.91,REIT - Specialty,Real Estate
HGBS11,19.4,REIT - Retail,Real Estate
HGCR11,94.01,REIT - Diversified,Real Estate
HGLG11,155.86,REIT - Diversified,Real Estate
HGRE11,115.8,REIT - Diversified,Real Estate
HGRU11,124.68,REIT - Diversified,Real Estate
HSAF11,77.87,REIT - Diversified,Real Estate
HSLG11,80.69,REIT - Diversified,Real Estate
HSML11,84.19,Asset Management,Financial Services
HTMX11,137.16,REIT - Hotel & Motel,Real Estate
ICRI11,91.1,REIT - Diversified,Real Estate
IRDM11,61.7,REIT - Diversified,Real Estate
ITRI11,76.94,REIT - Diversified,Real Estate
JSAF11,7.45,REIT - Diversified,Real Estate
JSCR11,8.0,REIT - Diversified,Real Estate
JSRE11,61.9,REIT - Diversified,Financial
KCRE11,8.4,REIT - Specialty,Real Estate
KFOF11,78.64,Asset Management,Financial Services
KISU11,6.76,REIT - Diversified,Real Estate
KIVO11,63.58,REIT - Diversified,Real Estate
KNCR11,105.13,REIT - Mortgage,Real Estate
KNHF11,90.78,Asset Management,Financial Services
KNHY11,100.3,Asset Management,Financial Services
KNIP11,86.63,REIT - Diversified,Real Estate
KNRI11,143.9,REIT - Diversified,Financial
KNSC11,8.6,REIT - Residential,Real Estate
KNUQ11,104.11,REIT - Diversified,Real Estate
KORE11,69.36,REIT - Diversified,Real Estate
LIFE11,8.41,REIT - Diversified,Real Estate
LVBI11,104.82,Real Estate Services,Real Estate
MANA11,8.72,REIT - Specialty,Real Estate
MCCI11,89.99,REIT - Diversified,Real Estate
MCRE11,8.8,REIT - Diversified,Real Estate
MFII11,79.2,REIT - Diversified,Real Estate
MXRF11,9.65,REIT - Diversified,Real Estate
OUJP11,77.69,REIT - Diversified,Real Estate
PATL11,58.91,REIT - Industrial,Real Estate
PMIS11,7.65,REIT - Specialty,Real Estate
PMLL11,99.89,REIT - Retail,Real Estate
PORD11,7.87,REIT - Diversified,Real Estate
PVBI11,75.47,REIT - Diversified,Real Estate
RBFF11,47.92,REIT - Mortgage,Real Estate
RBRF11,6.64,REIT - Diversified,Real Estate
RBRL11,81.75,Asset Management,Financial Services
RBRP11,50.42,Asset Management,Financial Services
RBRR11,87.47,Asset Management,Financial Services
RBRX11,7.84,REIT - Diversified,Real Estate
RBRY11,95.55,Asset Management,Financial Services
RBVA11,9.13,Asset Management,Financial
RCRB11,125.36,,
RECR11,80.9,REIT - Diversified,Real Estate
RVBI11,63.15,REIT - Diversified,Real Estate
RZAK11,81.13,REIT - Diversified,Real Estate
RZAT11,90.93,REIT - Diversified,Real Estate
RZTR11,92.37,REIT - Diversified,Real Estate
SARE11,4.65,REIT - Residential,Real Estate
SNCI11,83.53,Consulting Services,Industrials
SNEL11,8.59,REIT - Specialty,Real Estate
SNFF11,70.67,REIT - Diversified,Real Estate
SPXS11,8.49,Asset Management,Financial Services
TEPP11,79.7,REIT - Residential,Real Estate
TGAR11,83.39,REIT - Diversified,Real Estate
TOPP11,68.86,REIT - Diversified,Real Estate
TRBL11,59.26,REIT - Industrial,Real Estate
TRXF11,97.06,REIT - Diversified,Real Estate
TVRI11,90.7,REIT - Diversified,Real Estate
URPR11,38.64,REIT - Residential,Real Estate
VCJR11,78.24,REIT - Diversified,Real Estate
VGHF11,7.63,REIT - Diversified,Real Estate
VGIP11,80.27,REIT - Diversified,Real Estate
VGIR11,9.69,REIT - Diversified,Real Estate
VGRI11,8.61,REIT - Diversified,Real Estate
VILG11,85.95,Asset Management,Financial Services
VINO11,4.93,REIT - Office,Real Estate
VISC11,104.7,REIT - Retail,Real Estate
VRTA11,76.63,REIT - Diversified,Real Estate
VRTM11,6.77,REIT - Diversified,Real Estate
WHGR11,8.59,REIT - Specialty,Real Estate
XPCI11,81.26,REIT - Mortgage,Real Estate
XPLG11,98.0,REIT - Industrial,Real Estate
XPML11,105.08,REIT - Retail,Real Estate
XPSF11,6.0,REIT - Mortgage,Real Estate
