open,high,low,close,volume,adjclose,dividends,splits,Ativo,Data,Tipo
24.350000381469727,26.049999237060547,23.61000061035156,23.68000030517578,88234500.0,15.714323043823242,0.0,,BBSE3,01-10-2020,Ação
23.68000030517578,29.799999237060547,23.68000030517578,28.559999465942383,120982300.0,18.95274543762207,0.0,,BBSE3,01-11-2020,Ação
29.0,30.76000022888184,28.26000022888184,29.6299991607666,70198700.0,19.66280937194824,0.0,,BBSE3,01-12-2020,Ação
29.6299991607666,30.450000762939453,27.65999984741211,27.65999984741211,86915800.0,18.35549545288086,0.0,,BBSE3,01-01-2021,Ação
28.0,29.0,25.43000030517578,25.43000030517578,89982600.0,16.875642776489258,0.476121,,BBSE3,01-02-2021,Ação
25.68000030517578,25.700000762939453,23.520000457763672,24.25,194654200.0,16.36463165283203,0.0,,BBSE3,01-03-2021,Ação
24.51000022888184,24.59000015258789,22.190000534057617,22.32999992370605,143558900.0,15.068955421447754,0.0,,BBSE3,01-04-2021,Ação
22.6299991607666,23.770000457763672,21.959999084472656,23.399999618530277,105271100.0,15.791025161743164,0.0,,BBSE3,01-05-2021,Ação
23.450000762939453,25.56999969482422,23.100000381469727,23.100000381469727,128806800.0,15.588576316833496,0.0,,BBSE3,01-06-2021,Ação
23.149999618530277,23.420000076293945,21.299999237060547,21.3700008392334,140002100.0,14.42112159729004,0.0,,BBSE3,01-07-2021,Ação
21.59000015258789,21.88999938964844,18.86000061035156,19.059999465942383,153494200.0,12.862260818481444,0.520874,,BBSE3,01-08-2021,Ação
19.100000381469727,20.649999618530277,18.280000686645508,19.950000762939453,134042200.0,13.793963432312012,0.0,,BBSE3,01-09-2021,Ação
19.989999771118164,22.8700008392334,19.43000030517578,22.09000015258789,134020100.0,15.273616790771484,0.0,,BBSE3,01-10-2021,Ação
22.38999938964844,23.549999237060547,20.76000022888184,20.8799991607666,89537700.0,14.43699073791504,0.0,,BBSE3,01-11-2021,Ação
21.1200008392334,21.899999618530277,20.100000381469727,20.8799991607666,91236700.0,14.43699073791504,0.0,,BBSE3,01-12-2021,Ação
20.920000076293945,23.25,19.01000022888184,23.13999938964844,119613500.0,15.999610900878906,0.0,,BBSE3,01-01-2022,Ação
23.100000381469727,24.690000534057617,22.049999237060547,23.040000915527344,119704800.0,15.930472373962402,0.930048,,BBSE3,01-02-2022,Ação
23.040000915527344,25.690000534057617,21.780000686645508,25.559999465942383,114931800.0,18.374387741088867,0.0,,BBSE3,01-03-2022,Ação
25.68000030517578,26.989999771118164,25.1299991607666,25.43000030517578,116115100.0,18.280933380126957,0.0,,BBSE3,01-04-2022,Ação
25.209999084472656,26.940000534057617,24.459999084472656,26.8799991607666,97991500.0,19.323301315307617,0.0,,BBSE3,01-05-2022,Ação
26.88999938964844,26.90999984741211,24.190000534057617,25.959999084472656,101571500.0,18.66193580627441,0.0,,BBSE3,01-06-2022,Ação
25.989999771118164,29.1200008392334,24.86000061035156,28.989999771118164,98713100.0,20.84012031555176,0.0,,BBSE3,01-07-2022,Ação
28.989999771118164,30.959999084472656,27.780000686645508,28.280000686645508,115722900.0,20.329721450805664,1.036045,,BBSE3,01-08-2022,Ação
28.5,30.3700008392334,25.899999618530277,26.56999969482422,135816800.0,19.77852439880371,0.0,,BBSE3,01-09-2022,Ação
26.780000686645508,29.799999237060547,26.56999969482422,29.690000534057617,145881000.0,22.10103225708008,0.0,,BBSE3,01-10-2022,Ação
29.57999992370605,32.25,29.06999969482422,31.31999969482422,163699200.0,23.31439208984375,0.0,,BBSE3,01-11-2022,Ação
31.100000381469727,34.34000015258789,30.01000022888184,33.709999084472656,122258700.0,25.093490600585938,0.0,,BBSE3,01-12-2022,Ação
33.349998474121094,38.27000045776367,32.06999969482422,37.77999877929688,122759300.0,28.12317276000977,0.0,,BBSE3,01-01-2023,Ação
37.77999877929688,37.93999862670898,33.880001068115234,34.209999084472656,121150700.0,25.465686798095703,1.878577,,BBSE3,01-02-2023,Ação
34.209999084472656,35.349998474121094,31.96999931335449,32.5099983215332,119636100.0,25.51068687438965,0.0,,BBSE3,01-03-2023,Ação
32.5099983215332,35.810001373291016,31.899999618530277,34.310001373291016,91016300.0,26.923154830932617,0.0,,BBSE3,01-04-2023,Ação
34.310001373291016,34.54999923706055,30.290000915527344,30.93000030517578,142170300.0,24.270856857299805,0.0,,BBSE3,01-05-2023,Ação
31.01000022888184,31.43000030517578,29.209999084472656,30.770000457763672,155909900.0,24.14530563354492,0.0,,BBSE3,01-06-2023,Ação
31.100000381469727,32.0099983215332,29.799999237060547,31.1200008392334,108057500.0,24.41995048522949,0.0,,BBSE3,01-07-2023,Ação
31.1200008392334,32.939998626708984,29.440000534057617,30.3799991607666,116905500.0,23.839269638061523,1.607637,,BBSE3,01-08-2023,Ação
30.559999465942383,32.220001220703125,30.5,31.209999084472656,91062200.0,25.76341438293457,0.0,,BBSE3,01-09-2023,Ação
31.25,32.619998931884766,30.530000686645508,30.76000022888184,86068800.0,25.39194869995117,0.0,,BBSE3,01-10-2023,Ação
30.76000022888184,32.380001068115234,30.709999084472656,31.299999237060547,106859300.0,25.83770751953125,0.0,,BBSE3,01-11-2023,Ação
31.239999771118164,33.650001525878906,30.1299991607666,33.650001525878906,118526600.0,27.777603149414062,0.0,,BBSE3,01-12-2023,Ação
33.650001525878906,34.97999954223633,32.97999954223633,34.25,94614800.0,28.27289390563965,0.0,,BBSE3,01-01-2024,Ação
34.2599983215332,36.09000015258789,32.099998474121094,33.34000015258789,107614500.0,27.52170181274414,1.261289,,BBSE3,01-02-2024,Ação
33.349998474121094,33.849998474121094,31.8700008392334,32.52000045776367,91331500.0,27.86346435546875,0.0,,BBSE3,01-03-2024,Ação
32.58000183105469,33.540000915527344,31.950000762939453,32.20000076293945,104216100.0,27.589284896850582,0.0,,BBSE3,01-04-2024,Ação
32.20000076293945,34.529998779296875,32.11000061035156,32.29999923706055,104411100.0,27.67496681213379,0.0,,BBSE3,01-05-2024,Ação
32.220001220703125,33.79999923706055,31.899999618530277,32.93000030517578,87353400.0,28.214757919311523,0.0,,BBSE3,01-06-2024,Ação
32.97999954223633,35.18000030517578,32.61000061035156,35.16999816894531,84174200.0,30.13401222229004,0.0,,BBSE3,01-07-2024,Ação
35.279998779296875,37.650001525878906,33.470001220703125,36.72999954223633,117076900.0,31.47063636779785,1.390909,,BBSE3,01-08-2024,Ação
36.869998931884766,37.58000183105469,34.849998474121094,35.5,82456000.0,31.595252990722656,0.0,,BBSE3,01-09-2024,Ação
35.630001068115234,36.220001220703125,33.630001068115234,34.27000045776367,101268400.0,30.50054359436035,0.0,,BBSE3,01-10-2024,Ação
34.54999923706055,35.31999969482422,33.2599983215332,33.529998779296875,82529500.0,29.841938018798828,0.0,,BBSE3,01-11-2024,Ação
33.52000045776367,37.75,33.369998931884766,36.18000030517578,108573400.0,32.20045852661133,0.0,,BBSE3,01-12-2024,Ação
36.18000030517578,39.27999877929688,35.720001220703125,38.540000915527344,99693000.0,34.30087661743164,0.0,,BBSE3,01-01-2025,Ação
38.540000915527344,40.22999954223633,36.619998931884766,37.84000015258789,129280900.0,33.67787170410156,2.320161,,BBSE3,01-02-2025,Ação
37.84000015258789,40.70000076293945,37.810001373291016,40.29999923706055,87060900.0,38.084075927734375,0.0,,BBSE3,01-03-2025,Ação
40.29999923706055,42.77000045776367,38.97999954223633,42.77000045776367,93438100.0,40.41826248168945,0.0,,BBSE3,01-04-2025,Ação
42.77000045776367,42.77000045776367,37.310001373291016,37.5099983215332,121826000.0,35.44748306274414,0.0,,BBSE3,01-05-2025,Ação
37.68000030517578,37.79999923706055,34.7599983215332,35.79999923706055,113209500.0,33.831512451171875,0.0,,BBSE3,01-06-2025,Ação
36.47999954223633,36.93999862670898,33.36000061035156,33.70000076293945,127805600.0,31.846982955932617,0.0,,BBSE3,01-07-2025,Ação
33.939998626708984,35.58000183105469,31.530000686645508,32.81999969482422,145388200.0,31.015369415283203,1.942095,,BBSE3,01-08-2025,Ação
32.939998626708984,33.04999923706055,31.850000381469727,32.439998626708984,56474300.0,32.439998626708984,0.0,,BBSE3,01-09-2025,Ação
32.45000076293945,32.619998931884766,32.20000076293945,32.369998931884766,2982600.0,32.369998931884766,0.0,,BBSE3,11-09-2025,Ação
59.52999877929688,63.88999938964844,58.02000045776367,60.54999923706055,487801100.0,36.82697296142578,2.40751,,VALE3,01-10-2020,Ação
60.54999923706055,79.36000061035156,60.54999923706055,78.0,747752000.0,47.44020080566406,0.0,,VALE3,01-11-2020,Ação
79.83000183105469,88.58000183105469,77.30999755859375,87.44999694824219,604783000.0,53.187767028808594,0.0,,VALE3,01-12-2020,Ação
87.44999694824219,103.3499984741211,87.44999694824219,87.94999694824219,647863400.0,53.49186706542969,0.0,,VALE3,01-01-2021,Ação
90.01000213623047,98.9499969482422,87.51000213623047,94.5199966430664,550703700.0,57.487789154052734,0.0,,VALE3,01-02-2021,Ação
96.0,104.0,90.61000061035156,97.97000122070312,673728000.0,59.58610534667969,4.261646,,VALE3,01-03-2021,Ação
98.5,112.9499969482422,96.12999725341795,109.0199966430664,455038400.0,69.29391479492188,0.0,,VALE3,01-04-2021,Ação
109.6999969482422,120.4499969482422,106.02999877929688,114.77999877929688,589702400.0,72.95502471923828,0.0,,VALE3,01-05-2021,Ação
117.0,118.0,104.9000015258789,113.25,536206400.0,71.98253631591797,2.18967,,VALE3,01-06-2021,Ação
113.41000366210938,117.5999984741211,108.76000213623048,108.76000213623048,423025900.0,70.49381256103516,0.0,,VALE3,01-07-2021,Ação
110.9000015258789,113.25,96.16000366210938,98.68000030517578,518553500.0,63.96037292480469,0.0,,VALE3,01-08-2021,Ação
97.36000061035156,100.87999725341795,74.55999755859375,76.23999786376953,730880200.0,49.41566848754883,8.197239,,VALE3,01-09-2021,Ação
76.75,83.0999984741211,71.0199966430664,71.61000061035156,528807200.0,51.236122131347656,0.0,,VALE3,01-10-2021,Ação
72.0,72.86000061035156,61.84999847412109,69.94999694824219,604991100.0,50.04840850830078,0.0,,VALE3,01-11-2021,Ação
71.30000305175781,80.66999816894531,69.97000122070312,78.75,494826400.0,56.344703674316406,0.0,,VALE3,01-12-2021,Ação
79.0,89.0,76.9000015258789,80.87000274658203,517965900.0,57.86154556274414,0.0,,VALE3,01-01-2022,Ação
81.5,94.4800033569336,81.37000274658203,92.27999877929688,527069700.0,66.0252685546875,0.0,,VALE3,01-02-2022,Ação
92.27999877929688,107.11000061035156,87.27999877929688,95.5999984741211,748437300.0,68.40068054199219,3.719256,,VALE3,01-03-2022,Ação
96.77999877929688,98.25,77.54000091552734,83.29000091552734,563584000.0,61.88411712646485,0.0,,VALE3,01-04-2022,Ação
83.16000366210938,87.43000030517578,74.87000274658203,86.20999908447266,650035900.0,64.05366516113281,0.0,,VALE3,01-05-2022,Ação
86.19000244140625,90.88999938964844,72.43000030517578,76.55999755859375,583178600.0,56.88375473022461,0.0,,VALE3,01-06-2022,Ação
75.5199966430664,78.22000122070312,66.18000030517578,69.75,608321400.0,51.82395553588867,0.0,,VALE3,01-07-2022,Ação
68.94000244140625,73.6500015258789,64.4000015258789,64.5,748138300.0,47.9232292175293,3.572057,,VALE3,01-08-2022,Ação
63.97999954223633,72.9000015258789,61.900001525878906,72.04000091552734,758090000.0,56.2996711730957,0.0,,VALE3,01-09-2022,Ação
73.23999786376953,79.44000244140625,65.5199966430664,67.12999725341797,829629000.0,52.46246719360352,0.0,,VALE3,01-10-2022,Ação
69.44999694824219,86.62000274658203,66.58000183105469,85.70999908447266,759204900.0,66.98284912109375,0.0,,VALE3,01-11-2022,Ação
86.41999816894531,90.20999908447266,83.86000061035156,88.87999725341797,620397900.0,69.4602279663086,0.292013,,VALE3,01-12-2022,Ação
88.68000030517578,98.29000091552734,87.94999694824219,94.51000213623048,482054400.0,74.11148071289062,0.0,,VALE3,01-01-2023,Ação
95.1999969482422,95.1999969482422,83.6500015258789,85.31999969482422,384190600.0,66.90499114990234,0.0,,VALE3,01-02-2023,Ação
87.7699966430664,90.3000030517578,78.02999877929688,80.29000091552734,514656200.0,62.96063995361328,1.827646,,VALE3,01-03-2023,Ação
79.80000305175781,82.94999694824219,69.18000030517578,72.4000015258789,449556400.0,58.0203857421875,0.0,,VALE3,01-04-2023,Ação
72.4000015258789,72.4000015258789,63.5099983215332,63.810001373291016,695091700.0,51.136474609375,0.0,,VALE3,01-05-2023,Ação
64.94000244140625,70.19999694824219,64.1500015258789,64.22000122070312,654623500.0,51.46504974365234,0.0,,VALE3,01-06-2023,Ação
64.70999908447266,72.66000366210938,64.30999755859375,69.16000366210938,552314100.0,55.42389297485352,0.0,,VALE3,01-07-2023,Ação
68.7699966430664,68.80999755859375,61.0,65.08000183105469,643578300.0,52.154239654541016,1.918472,,VALE3,01-08-2023,Ação
66.69000244140625,71.2300033569336,65.30999755859375,67.58000183105469,536765700.0,55.79156875610352,0.0,,VALE3,01-09-2023,Ação
67.58000183105469,69.23999786376953,62.0,69.0,482564500.0,56.96387100219727,0.0,,VALE3,01-10-2023,Ação
69.26000213623047,78.55000305175781,69.23999786376953,73.8499984741211,518208300.0,60.96784973144531,2.331662,,VALE3,01-11-2023,Ação
74.7300033569336,78.19999694824219,71.76000213623047,77.19999694824219,376472700.0,65.69998168945312,0.0,,VALE3,01-12-2023,Ação
77.19999694824219,78.18000030517578,67.11000061035156,67.76000213623047,603063000.0,57.66620635986328,0.0,,VALE3,01-01-2024,Ação
67.87000274658203,69.06999969482422,65.04000091552734,66.98999786376953,498725100.0,57.01090621948242,0.0,,VALE3,01-02-2024,Ação
66.88999938964844,67.66000366210938,59.36000061035156,60.83000183105469,524953300.0,51.76852416992188,2.738548,,VALE3,01-03-2024,Ação
61.59999847412109,64.08999633789062,59.61000061035156,63.290000915527344,523043100.0,56.27141952514648,0.0,,VALE3,01-04-2024,Ação
63.70000076293945,67.0999984741211,62.790000915527344,63.20000076293945,384013300.0,56.19141006469727,0.0,,VALE3,01-05-2024,Ação
62.84000015258789,62.84999847412109,59.709999084472656,62.220001220703125,351222700.0,55.32008361816406,0.0,,VALE3,01-06-2024,Ação
62.709999084472656,64.83999633789062,60.0,61.630001068115234,499968000.0,54.795509338378906,0.0,,VALE3,01-07-2024,Ação
61.84999847412109,61.869998931884766,55.47999954223633,59.58000183105469,591104600.0,52.97284698486328,2.093798,,VALE3,01-08-2024,Ação
58.81999969482422,65.31999969482422,55.93000030517578,63.5099983215332,482522300.0,58.52980041503906,0.0,,VALE3,01-09-2024,Ação
63.5,65.3499984741211,59.150001525878906,62.060001373291016,507422200.0,57.19350814819336,0.0,,VALE3,01-10-2024,Ação
62.13999938964844,63.9900016784668,56.84000015258789,58.77999877929688,408087800.0,54.17070770263672,0.0,,VALE3,01-11-2024,Ação
58.84999847412109,60.18999862670898,53.33000183105469,54.54999923706055,453823300.0,50.27241516113281,0.520531,,VALE3,01-12-2024,Ação
54.54999923706055,55.59999847412109,50.869998931884766,54.16999816894531,767502800.0,50.3677864074707,0.0,,VALE3,01-01-2025,Ação
53.72999954223633,58.56999969482422,53.33000183105469,55.150001525878906,589498500.0,51.27900314331055,0.0,,VALE3,01-02-2025,Ação
55.150001525878906,58.45000076293945,53.150001525878906,56.70000076293945,417889500.0,52.720211029052734,2.141847,,VALE3,01-03-2025,Ação
57.09999847412109,57.93000030517578,48.77000045776367,52.86000061035156,510393200.0,51.06801223754883,0.0,,VALE3,01-04-2025,Ação
53.2599983215332,55.68999862670898,52.04999923706055,52.09999847412109,333756800.0,50.33377456665039,0.0,,VALE3,01-05-2025,Ação
52.58000183105469,54.04999923706055,49.720001220703125,52.650001525878906,433967100.0,50.86513137817383,0.0,,VALE3,01-06-2025,Ação
52.59999847412109,57.970001220703125,52.369998931884766,53.459999084472656,569244400.0,51.64767074584961,0.0,,VALE3,01-07-2025,Ação
54.2400016784668,56.18999862670898,52.86000061035156,55.560001373291016,430794200.0,53.67647933959961,1.895387,,VALE3,01-08-2025,Ação
55.13999938964844,57.52000045776367,54.810001373291016,56.58000183105469,99098700.0,56.58000183105469,0.0,,VALE3,01-09-2025,Ação
56.45000076293945,57.27000045776367,56.310001373291016,56.9900016784668,10170200.0,56.9900016784668,0.0,,VALE3,11-09-2025,Ação
19.63999938964844,21.13999938964844,17.739999771118164,18.940000534057617,1454040900.0,5.610852241516113,0.0,,PETR4,01-10-2020,Ação
18.940000534057617,26.670000076293945,18.940000534057617,24.899999618530277,1677914300.0,7.376463413238525,0.0,,PETR4,01-11-2020,Ação
25.399999618530277,28.520000457763672,25.290000915527344,28.34000015258789,1130782800.0,8.395543098449707,0.0,,PETR4,01-12-2020,Ação
28.34000015258789,31.76000022888184,26.530000686645508,26.690000534057617,1280972200.0,7.906741142272949,0.0,,PETR4,01-01-2021,Ação
27.26000022888184,30.920000076293945,21.399999618530277,22.239999771118164,2315976900.0,6.588454723358154,0.0,,PETR4,01-02-2021,Ação
22.799999237060547,24.229999542236328,20.479999542236328,24.100000381469727,2074682300.0,7.139470100402832,0.0,,PETR4,01-03-2021,Ação
24.290000915527344,24.88999938964844,22.770000457763672,23.6200008392334,1304622900.0,6.997272491455078,0.792834,,PETR4,01-04-2021,Ação
23.799999237060547,27.200000762939453,22.8799991607666,26.8700008392334,1592590200.0,8.227964401245117,0.0,,PETR4,01-05-2021,Ação
27.399999618530277,29.790000915527344,27.01000022888184,29.43000030517578,1447669000.0,9.011873245239258,0.0,,PETR4,01-06-2021,Ação
29.739999771118164,29.8799991607666,25.86000061035156,26.90999984741211,1223787100.0,8.240212440490723,0.0,,PETR4,01-07-2021,Ação
27.200000762939453,29.61000061035156,25.790000915527344,27.190000534057617,1848940900.0,8.32595443725586,1.609911,,PETR4,01-08-2021,Ação
27.31999969482422,27.88999938964844,23.790000915527344,27.229999542236328,1595055700.0,8.834826469421387,0.0,,PETR4,01-09-2021,Ação
27.1200008392334,30.21999931335449,25.770000457763672,27.149999618530277,1753099400.0,8.808869361877441,0.0,,PETR4,01-10-2021,Ação
27.709999084472656,29.81999969482422,25.71999931335449,29.43000030517578,1664007300.0,9.548620223999023,0.0,,PETR4,01-11-2021,Ação
29.84000015258789,30.670000076293945,26.200000762939453,28.5,1444452500.0,9.24687957763672,3.250487,,PETR4,01-12-2021,Ação
28.540000915527344,34.63999938964844,27.71999931335449,32.349998474121094,1541898600.0,11.790812492370604,0.0,,PETR4,01-01-2022,Ação
32.349998474121094,35.290000915527344,31.26000022888184,34.0,1238599400.0,12.39219856262207,0.0,,PETR4,01-02-2022,Ação
34.0,35.290000915527344,29.5,33.45000076293945,1787988700.0,12.19173526763916,0.0,,PETR4,01-03-2022,Ação
33.54999923706055,34.79999923706055,29.540000915527344,30.280000686645508,1298805900.0,11.036348342895508,2.970249,,PETR4,01-04-2022,Ação
30.170000076293945,36.310001373291016,29.1200008392334,30.059999465942383,2010479700.0,11.98599624633789,3.71549,,PETR4,01-05-2022,Ação
29.899999618530277,31.299999237060547,25.90999984741211,27.93000030517578,1452733100.0,12.410472869873049,0.0,,PETR4,01-06-2022,Ação
28.07999992370605,34.65999984741211,26.90999984741211,34.150001525878906,1304287600.0,15.17428207397461,0.0,,PETR4,01-07-2022,Ação
34.0,37.86000061035156,29.07999992370605,33.22999954223633,2035727200.0,14.765484809875488,6.732003,,PETR4,01-08-2022,Ação
33.36000061035156,34.56999969482422,28.57999992370605,29.799999237060547,1642190500.0,16.26128387451172,0.0,,PETR4,01-09-2022,Ação
31.90999984741211,38.38999938964844,29.15999984741211,29.809999465942383,2239291800.0,16.266740798950195,0.0,,PETR4,01-10-2022,Ação
30.56999969482422,30.899999618530277,22.299999237060547,26.65999984741211,2271197400.0,14.547846794128418,1.748708,,PETR4,01-11-2022,Ação
26.57999992370605,26.790000915527344,20.770000457763672,24.5,1753508800.0,14.303156852722168,0.0,,PETR4,01-12-2022,Ação
23.540000915527344,27.600000381469727,21.82999992370605,26.06999969482422,1485512700.0,15.219727516174316,0.0,,PETR4,01-01-2023,Ação
26.06999969482422,27.059999465942383,24.420000076293945,25.239999771118164,1124794800.0,14.735172271728516,0.0,,PETR4,01-02-2023,Ação
25.309999465942383,26.229999542236328,22.479999542236328,23.450000762939453,1492304700.0,13.69016456604004,0.0,,PETR4,01-03-2023,Ação
24.09000015258789,27.6200008392334,23.149999618530277,23.700000762939453,1137044600.0,13.8361177444458,2.930163,,PETR4,01-04-2023,Ação
23.700000762939453,27.030000686645508,22.420000076293945,26.1200008392334,1441438400.0,17.177364349365234,0.0,,PETR4,01-05-2023,Ação
26.299999237060547,32.0,26.15999984741211,29.530000686645508,1466708000.0,19.419893264770508,1.893576,,PETR4,01-06-2023,Ação
29.71999931335449,31.21999931335449,27.950000762939453,31.11000061035156,971702000.0,21.79869842529297,0.0,,PETR4,01-07-2023,Ação
31.09000015258789,32.790000915527344,29.71999931335449,31.940000534057617,1232223100.0,22.380273818969727,1.149304,,PETR4,01-08-2023,Ação
32.209999084472656,34.709999084472656,31.959999084472656,34.63999938964844,892997400.0,25.197376251220703,0.0,,PETR4,01-09-2023,Ação
34.54999923706055,38.86000061035156,32.290000915527344,34.7400016784668,1183724900.0,25.270118713378903,0.0,,PETR4,01-10-2023,Ação
35.02000045776367,37.220001220703125,33.90999984741211,35.90999984741211,994520000.0,26.12118530273437,1.371248,,PETR4,01-11-2023,Ação
35.720001220703125,37.43000030517578,33.040000915527344,37.2400016784668,753744800.0,28.15027236938477,0.0,,PETR4,01-12-2023,Ação
37.2400016784668,41.2400016784668,37.22999954223633,40.7599983215332,719797700.0,30.811092376708984,0.0,,PETR4,01-01-2024,Ação
40.77999877929688,42.93999862670898,39.83000183105469,40.13999938964844,716697000.0,30.342426300048828,0.0,,PETR4,01-02-2024,Ação
40.34999847412109,40.93999862670898,35.099998474121094,37.36000061035156,1066009700.0,28.240982055664062,0.0,,PETR4,01-03-2024,Ação
37.5,42.47999954223633,37.16999816894531,42.02000045776367,1060361700.0,31.7635440826416,1.150024,,PETR4,01-04-2024,Ação
42.25,42.380001068115234,36.40999984741211,38.790000915527344,879143100.0,30.143001556396484,1.776022,,PETR4,01-05-2024,Ação
38.83000183105469,38.93000030517578,34.150001525878906,38.04999923706055,692920200.0,30.86766815185547,1.043242,,PETR4,01-06-2024,Ação
38.310001373291016,39.09999847412109,36.38999938964844,37.40999984741211,641938100.0,31.2131290435791,0.0,,PETR4,01-07-2024,Ação
37.75,39.86000061035156,34.599998474121094,39.369998931884766,882985200.0,32.84845733642578,1.0532,,PETR4,01-08-2024,Ação
39.33000183105469,39.400001525878906,35.91999816894531,36.0099983215332,670650700.0,30.900102615356445,0.0,,PETR4,01-09-2024,Ação
36.0099983215332,38.380001068115234,35.34000015258789,35.90999984741211,650632500.0,30.81429672241211,0.0,,PETR4,01-10-2024,Ação
36.20000076293945,39.86000061035156,35.029998779296875,38.900001525878906,686521000.0,33.380008697509766,0.0,,PETR4,01-11-2024,Ação
38.900001525878906,40.7599983215332,35.599998474121094,36.18999862670898,635866200.0,31.054561614990234,1.551743,,PETR4,01-12-2024,Ação
36.18999862670898,38.369998931884766,36.060001373291016,37.68999862670898,588366600.0,34.912471771240234,1.356891,,PETR4,01-01-2025,Ação
37.7599983215332,38.65999984741211,35.47999954223633,35.93000030517578,674268300.0,33.282169342041016,0.0,,PETR4,01-02-2025,Ação
35.93000030517578,37.970001220703125,33.90999984741211,37.15999984741211,596507300.0,34.42152786254883,0.0,,PETR4,01-03-2025,Ação
37.29999923706055,37.970001220703125,29.959999084472656,29.989999771118164,1156914000.0,27.7799129486084,0.74813,,PETR4,01-04-2025,Ação
30.200000762939453,32.40999984741211,29.65999984741211,30.899999618530277,780411100.0,29.3306941986084,0.0,,PETR4,01-05-2025,Ação
31.63999938964844,33.34000015258789,28.86000061035156,31.3799991607666,879136800.0,29.786317825317383,0.909166,,PETR4,01-06-2025,Ação
31.450000762939453,32.83000183105469,30.600000381469727,32.63999938964844,552123600.0,31.91594696044922,0.0,,PETR4,01-07-2025,Ação
32.79999923706055,32.939998626708984,29.739999771118164,31.100000381469727,704477200.0,30.41010856628418,0.671924,,PETR4,01-08-2025,Ação
31.200000762939453,31.540000915527344,30.190000534057617,31.51000022888184,215826600.0,31.51000022888184,0.0,,PETR4,01-09-2025,Ação
31.299999237060547,31.479999542236328,31.270000457763672,31.290000915527344,11098600.0,31.290000915527344,0.0,,PETR4,11-09-2025,Ação
28.059999465942383,28.989999771118164,27.82999992370605,28.149999618530277,50785600.0,16.94354820251465,0.0,,TAEE11,01-10-2020,Ação
28.149999618530277,33.650001525878906,28.149999618530277,33.04999923706055,57069300.0,19.892868041992188,1.361941,,TAEE11,01-11-2020,Ação
33.220001220703125,34.369998931884766,32.029998779296875,33.400001525878906,31919600.0,20.959739685058597,0.157381,,TAEE11,01-12-2020,Ação
33.400001525878906,34.06999969482422,32.040000915527344,32.54999923706055,29346100.0,20.522401809692383,0.0,,TAEE11,01-01-2021,Ação
32.310001373291016,33.70000076293945,30.649999618530277,30.76000022888184,28377400.0,19.393829345703125,0.0,,TAEE11,01-02-2021,Ação
30.93000030517578,39.61000061035156,29.81999969482422,38.91999816894531,65988000.0,24.53861427307129,0.0,,TAEE11,01-03-2021,Ação
39.04999923706055,41.83000183105469,37.650001525878906,41.79999923706055,41173400.0,26.35442352294922,0.0,,TAEE11,01-04-2021,Ação
42.540000915527344,42.68000030517578,37.20000076293945,38.7400016784668,46283000.0,24.425128936767575,1.631192,,TAEE11,01-05-2021,Ação
38.72999954223633,40.970001220703125,36.709999084472656,36.900001525878906,32808500.0,25.03350257873535,1.354363,,TAEE11,01-06-2021,Ação
37.0,39.0,36.40999984741211,38.02999877929688,30712600.0,25.80010986328125,0.0,,TAEE11,01-07-2021,Ação
38.209999084472656,40.4900016784668,37.5,37.90999984741211,47804600.0,25.718706130981445,0.0,,TAEE11,01-08-2021,Ação
38.04999923706055,38.77000045776367,35.459999084472656,35.84000015258789,48548000.0,24.314382553100582,0.0,,TAEE11,01-09-2021,Ação
36.20000076293945,38.13999938964844,35.06999969482422,36.65999984741211,51004500.0,24.870685577392575,0.0,,TAEE11,01-10-2021,Ação
37.0,37.970001220703125,35.0099983215332,36.060001373291016,38456800.0,24.46364021301269,0.0,,TAEE11,01-11-2021,Ação
36.08000183105469,38.560001373291016,35.349998474121094,36.290000915527344,33153400.0,24.619672775268555,1.518146,,TAEE11,01-12-2021,Ação
36.369998931884766,38.560001373291016,35.939998626708984,38.27999877929688,39454500.0,27.05070686340332,0.0,,TAEE11,01-01-2022,Ação
38.09999847412109,40.0,37.2599983215332,39.36000061035156,36151600.0,27.813899993896484,0.0,,TAEE11,01-02-2022,Ação
39.36000061035156,44.93999862670898,39.34000015258789,44.13999938964844,56997600.0,31.191699981689453,0.0,,TAEE11,01-03-2022,Ação
44.2400016784668,46.06999969482422,43.66999816894531,44.290000915527344,37171200.0,31.29770278930664,0.0,,TAEE11,01-04-2022,Ação
43.97999954223633,45.470001220703125,39.790000915527344,40.380001068115234,53854000.0,28.534683227539062,1.896324,,TAEE11,01-05-2022,Ação
40.209999084472656,41.900001525878906,38.16999816894531,38.619998931884766,45005800.0,28.49134635925293,0.0,,TAEE11,01-06-2022,Ação
38.630001068115234,41.0,38.09000015258789,40.459999084472656,35495300.0,29.848773956298828,0.0,,TAEE11,01-07-2022,Ação
40.459999084472656,44.0,40.15999984741211,41.68000030517578,43606800.0,30.74881362915039,1.470929,,TAEE11,01-08-2022,Ação
42.0,42.720001220703125,38.459999084472656,38.95000076293945,37616300.0,29.743331909179688,0.0,,TAEE11,01-09-2022,Ação
38.95000076293945,40.79999923706055,38.540000915527344,40.18999862670898,44957000.0,30.690235137939453,0.0,,TAEE11,01-10-2022,Ação
40.18000030517578,40.9900016784668,34.849998474121094,35.0099983215332,48460900.0,26.734634399414062,0.929519,,TAEE11,01-11-2022,Ação
34.540000915527344,36.16999816894531,32.5099983215332,34.599998474121094,52252200.0,27.04598426818848,0.0,,TAEE11,01-12-2022,Ação
34.68000030517578,37.16999816894531,33.779998779296875,37.08000183105469,51016800.0,28.984542846679688,1.335273,,TAEE11,01-01-2023,Ação
37.06999969482422,37.27999877929688,35.220001220703125,35.560001373291016,26805000.0,28.87363052368164,0.0,,TAEE11,01-02-2023,Ação
35.599998474121094,37.5,34.189998626708984,34.83000183105469,49560500.0,28.280893325805664,0.0,,TAEE11,01-03-2023,Ação
34.849998474121094,36.459999084472656,33.279998779296875,36.40999984741211,60825100.0,29.563800811767575,0.0,,TAEE11,01-04-2023,Ação
36.40999984741211,38.18000030517578,34.369998931884766,36.91999816894531,49330200.0,29.9779052734375,0.075612,,TAEE11,01-05-2023,Ação
37.0099983215332,38.34999847412109,36.27000045776367,37.63999938964844,46616900.0,30.62669563293457,0.0,,TAEE11,01-06-2023,Ação
37.900001525878906,37.970001220703125,36.0,36.0,40125700.0,29.29226493835449,0.0,,TAEE11,01-07-2023,Ação
36.150001525878906,37.06999969482422,34.20000076293945,34.20000076293945,47747200.0,27.82765388488769,0.909844,,TAEE11,01-08-2023,Ação
34.310001373291016,35.36000061035156,34.0,34.560001373291016,40465400.0,28.842504501342773,0.0,,TAEE11,01-09-2023,Ação
34.630001068115234,34.63999938964844,33.2400016784668,33.790000915527344,37625400.0,28.19989013671875,0.0,,TAEE11,01-10-2023,Ação
33.84000015258789,36.88999938964844,33.68000030517578,36.459999084472656,38554300.0,30.42817687988281,0.593779,,TAEE11,01-11-2023,Ação
36.40999984741211,38.459999084472656,35.720001220703125,38.380001068115234,27445500.0,32.56364059448242,0.0,,TAEE11,01-12-2023,Ação
38.380001068115234,38.619998931884766,36.43000030517578,36.43000030517578,28273000.0,30.909151077270508,0.66184,,TAEE11,01-01-2024,Ação
36.88999938964844,37.09999847412109,34.41999816894531,35.400001525878906,33849000.0,30.56241798400879,0.0,,TAEE11,01-02-2024,Ação
35.38999938964844,36.470001220703125,34.56999969482422,36.310001373291016,30415700.0,31.34806060791016,0.0,,TAEE11,01-03-2024,Ação
36.310001373291016,36.720001220703125,35.040000915527344,35.220001220703125,50192700.0,30.40701484680176,0.0,,TAEE11,01-04-2024,Ação
35.400001525878906,36.91999816894531,34.279998779296875,34.279998779296875,52112600.0,29.59546661376953,1.132902,,TAEE11,01-05-2024,Ação
33.88999938964844,34.47999954223633,33.099998474121094,34.22999954223633,44969300.0,30.868547439575195,0.420591,,TAEE11,01-06-2024,Ação
34.22999954223633,35.380001068115234,33.709999084472656,33.790000915527344,29898600.0,30.471757888793945,0.0,,TAEE11,01-07-2024,Ação
33.84000015258789,36.09999847412109,33.81999969482422,35.45000076293945,39648300.0,31.96874046325684,0.648124,,TAEE11,01-08-2024,Ação
35.189998626708984,36.5,34.04999923706055,34.2400016784668,30353700.0,31.45244026184082,0.0,,TAEE11,01-09-2024,Ação
34.25,35.34000015258789,34.11000061035156,35.02000045776367,36858900.0,32.168941497802734,0.0,,TAEE11,01-10-2024,Ação
35.0,35.689998626708984,33.47999954223633,34.09000015258789,40820300.0,31.31465148925781,0.668999,,TAEE11,01-11-2024,Ação
34.0,34.709999084472656,32.52000045776367,32.86000061035156,43704300.0,30.767393112182617,0.0,,TAEE11,01-12-2024,Ação
32.880001068115234,34.0,31.780000686645508,33.5099983215332,41036300.0,31.376001358032227,0.0,,TAEE11,01-01-2025,Ação
33.4900016784668,34.0,32.52000045776367,32.790000915527344,28311100.0,30.701852798461918,0.0,,TAEE11,01-02-2025,Ação
32.790000915527344,34.849998474121094,32.599998474121094,33.65999984741211,31022800.0,31.516447067260746,0.0,,TAEE11,01-03-2025,Ação
33.65999984741211,36.560001373291016,33.529998779296875,35.91999816894531,33453200.0,33.63252258300781,0.875206,,TAEE11,01-04-2025,Ação
35.900001525878906,36.77000045776367,34.400001525878906,35.380001068115234,41593700.0,33.94859313964844,0.546522,,TAEE11,01-05-2025,Ação
35.36000061035156,35.529998779296875,33.66999816894531,34.93000030517578,31750500.0,34.04357147216797,0.0,,TAEE11,01-06-2025,Ação
34.810001373291016,35.16999816894531,33.15999984741211,33.36000061035156,26490900.0,32.5134162902832,0.0,,TAEE11,01-07-2025,Ação
33.560001373291016,34.91999816894531,32.84000015258789,34.869998931884766,47238700.0,33.98509216308594,0.869171,,TAEE11,01-08-2025,Ação
34.880001068115234,35.220001220703125,34.18000030517578,34.900001525878906,10775000.0,34.900001525878906,0.0,,TAEE11,01-09-2025,Ação
34.95000076293945,35.150001525878906,34.849998474121094,34.97999954223633,750000.0,34.97999954223633,0.0,,TAEE11,11-09-2025,Ação
89.93000030517578,94.4800033569336,88.0199966430664,91.9499969482422,913427.0,58.73210906982422,0.0,,KNCR11,01-10-2020,FII
91.9499969482422,92.98999786376952,87.91000366210938,88.69999694824219,863036.0,56.65618133544922,0.0,,KNCR11,01-11-2020,FII
88.25,88.5999984741211,85.5,87.05000305175781,1348549.0,55.602294921875,0.0,,KNCR11,01-12-2020,FII
87.05000305175781,89.7699966430664,86.69999694824219,88.81999969482422,832932.0,56.73286819458008,0.0,,KNCR11,01-01-2021,FII
88.69999694824219,91.48999786376952,87.0,89.41000366210938,924011.0,57.10972213745117,0.0,,KNCR11,01-02-2021,FII
89.0999984741211,95.27999877929688,89.0,93.5199966430664,1191437.0,59.73493194580078,0.0,,KNCR11,01-03-2021,FII
93.56999969482422,95.0,92.1500015258789,94.44000244140624,890957.0,60.32257080078125,0.0,,KNCR11,01-04-2021,FII
94.08999633789062,94.9800033569336,90.05000305175781,91.0199966430664,1003970.0,58.13808059692383,0.0,,KNCR11,01-05-2021,FII
90.8499984741211,92.2300033569336,87.01000213623047,90.0,1384068.0,57.48655700683594,0.0,,KNCR11,01-06-2021,FII
89.5999984741211,93.48999786376952,86.73999786376953,93.16000366210938,1089921.0,59.50496673583984,0.0,,KNCR11,01-07-2021,FII
92.6999969482422,94.9800033569336,90.05000305175781,94.9800033569336,1913014.0,60.66750717163086,0.0,,KNCR11,01-08-2021,FII
94.1999969482422,97.98999786376952,93.5,97.26000213623048,3118662.0,62.12381362915039,0.0,,KNCR11,01-09-2021,FII
96.70999908447266,98.48999786376952,94.52999877929688,97.4000015258789,2019266.0,62.21322250366211,0.0,,KNCR11,01-10-2021,FII
97.0,99.5999984741211,95.7699966430664,98.7300033569336,3123494.0,63.0627555847168,0.0,,KNCR11,01-11-2021,FII
98.18000030517578,102.54000091552734,98.16000366210938,101.9000015258789,2067076.0,65.08757019042969,0.0,,KNCR11,01-12-2021,FII
101.4000015258789,102.5,99.0199966430664,101.83000183105467,1372807.0,65.04285430908203,0.0,,KNCR11,01-01-2022,FII
100.86000061035156,101.30999755859376,97.9499969482422,99.98999786376952,1362037.0,63.86757278442383,0.0,,KNCR11,01-02-2022,FII
99.98999786376952,102.33999633789062,97.4000015258789,101.30999755859376,1734439.0,64.71070861816406,0.0,,KNCR11,01-03-2022,FII
101.4000015258789,102.45999908447266,100.20999908447266,101.9800033569336,1577851.0,65.138671875,0.997074,,KNCR11,01-04-2022,FII
101.26000213623048,102.5,99.98999786376952,102.5,1416186.0,66.1215591430664,0.967162,,KNCR11,01-05-2022,FII
101.48999786376952,102.0,100.25,101.95999908447266,1478821.0,66.40299224853516,1.07684,,KNCR11,01-06-2022,FII
100.48999786376952,102.69000244140624,99.94000244140624,102.45999908447266,1494590.0,67.43707275390625,1.046928,,KNCR11,01-07-2022,FII
101.98999786376952,103.61000061035156,100.79000091552734,103.0,2381303.0,68.49578857421875,1.036957,,KNCR11,01-08-2022,FII
102.22000122070312,102.98999786376952,100.20999908447266,102.4000015258789,2359667.0,68.79304504394531,1.296196,,KNCR11,01-09-2022,FII
101.12999725341795,101.66000366210938,100.41000366210938,101.63999938964844,2038550.0,69.1527099609375,1.196489,,KNCR11,01-10-2022,FII
100.5999984741211,101.4000015258789,98.47000122070312,100.1999969482422,2520670.0,68.97895050048828,1.096781,,KNCR11,01-11-2022,FII
99.5,99.9000015258789,96.12000274658205,98.69000244140624,2585237.0,68.68058776855469,1.096781,,KNCR11,01-12-2022,FII
97.1500015258789,99.3000030517578,96.58000183105467,99.1500015258789,2478371.0,69.76435852050781,1.196489,,KNCR11,01-01-2023,FII
97.98999786376952,99.5,97.19000244140624,99.37999725341795,1825621.0,70.78433990478516,1.196489,,KNCR11,01-02-2023,FII
98.5,98.94000244140624,97.12000274658205,97.95999908447266,2204612.0,70.62519836425781,0.997074,,KNCR11,01-03-2023,FII
96.80999755859376,97.83999633789062,96.0500030517578,96.9800033569336,1898107.0,70.62725830078125,1.21643,,KNCR11,01-04-2023,FII
96.9800033569336,96.9800033569336,94.37999725341795,95.23999786376952,2632252.0,70.23218536376953,0.997074,,KNCR11,01-05-2023,FII
94.1999969482422,98.5,91.0999984741211,97.6500015258789,3807129.0,72.75740814208984,1.236372,,KNCR11,01-06-2023,FII
96.87999725341795,99.1999969482422,95.30999755859376,98.91999816894533,2672688.0,74.67305755615234,1.146635,,KNCR11,01-07-2023,FII
98.0,99.7699966430664,96.75,99.62999725341795,2580502.0,76.10262298583984,1.146635,,KNCR11,01-08-2023,FII
98.43000030517578,101.33999633789062,97.9000015258789,100.9000015258789,2802479.0,77.97659301757812,1.196489,,KNCR11,01-09-2023,FII
99.9800033569336,103.0,99.11000061035156,102.38999938964844,2483639.0,80.08989715576172,1.096781,,KNCR11,01-10-2023,FII
101.5,103.5999984741211,99.5,101.8000030517578,2176029.0,80.50347900390625,1.106752,,KNCR11,01-11-2023,FII
100.79000091552734,104.3499984741211,100.5,104.3499984741211,1761922.0,83.42176055908203,1.007045,,KNCR11,01-12-2023,FII
104.3499984741211,104.6999969482422,102.51000213623048,103.77999877929688,1995283.0,83.79498291015625,1.007045,,KNCR11,01-01-2024,FII
102.33000183105467,104.58999633789062,101.11000061035156,104.1999969482422,2047404.0,84.9539566040039,1.066869,,KNCR11,01-02-2024,FII
103.25,103.56999969482422,101.5,103.41999816894533,2036548.0,85.19385528564453,0.94722,,KNCR11,01-03-2024,FII
101.8000030517578,105.19000244140624,101.3000030517578,105.01000213623048,1977412.0,87.29721069335938,0.94722,,KNCR11,01-04-2024,FII
105.01000213623048,105.01000213623048,102.16000366210938,104.4800033569336,2276756.0,87.65947723388672,0.997074,,KNCR11,01-05-2024,FII
103.7699966430664,106.77999877929688,103.30999755859376,106.0,1848742.0,89.78730010986328,0.998729,,KNCR11,01-06-2024,FII
105.0,106.23999786376952,103.1999969482422,105.79000091552734,2903709.0,90.47425842285156,0.998729,,KNCR11,01-07-2024,FII
104.11000061035156,105.8000030517578,103.13999938964844,105.36000061035156,3216349.0,90.96356201171876,0.948793,,KNCR11,01-08-2024,FII
104.6500015258789,107.36000061035156,104.3000030517578,106.37000274658205,3605993.0,92.66667175292967,0.948793,,KNCR11,01-09-2024,FII
105.55999755859376,105.83000183105467,103.2699966430664,104.5199966430664,2782469.0,91.88240814208984,0.948793,,KNCR11,01-10-2024,FII
103.5,104.37000274658205,102.63999938964844,104.12000274658205,2248878.0,92.35455322265624,1.02,,KNCR11,01-11-2024,FII
103.26000213623048,103.94000244140624,94.80999755859376,102.98999786376952,4376586.0,92.25251770019533,0.95,,KNCR11,01-12-2024,FII
101.69000244140624,103.9000015258789,100.33999633789062,102.0,2736839.0,92.20704650878906,1.0,,KNCR11,01-01-2025,FII
101.19000244140624,103.01000213623048,99.01000213623048,102.38999938964844,2469467.0,93.46712493896484,1.07,,KNCR11,01-02-2025,FII
102.38999938964844,105.38999938964844,100.5999984741211,104.6999969482422,1948621.0,96.5890655517578,1.07,,KNCR11,01-03-2025,FII
103.79000091552734,104.87999725341795,101.80999755859376,103.1999969482422,1999937.0,96.21070098876952,1.04,,KNCR11,01-04-2025,FII
103.1999969482422,104.8000030517578,102.01000213623048,104.62000274658205,2352135.0,98.51306915283205,1.16,,KNCR11,01-05-2025,FII
103.5500030517578,106.23999786376952,101.86000061035156,105.1999969482422,2298918.0,100.18531799316406,1.2,,KNCR11,01-06-2025,FII
104.3000030517578,105.69000244140624,103.1500015258789,104.98999786376952,2375113.0,101.1454849243164,1.2,,KNCR11,01-07-2025,FII
104.48999786376952,105.63999938964844,101.79000091552734,105.4000015258789,2451732.0,102.71208190917967,1.35,,KNCR11,01-08-2025,FII
103.87999725341795,106.88999938964844,103.51000213623048,106.87999725341795,1247299.0,105.51104736328124,1.35,,KNCR11,01-09-2025,FII
0.0,0.0,0.0,106.87999725341795,0.0,106.87999725341795,0.0,,KNCR11,15-09-2025,FII
165.9619903564453,171.94252014160156,155.1695556640625,161.0518798828125,999776.0,118.16716766357422,0.0,,HGLG11,01-10-2020,FII
161.0518798828125,166.92437744140625,159.08782958984375,164.68536376953125,831210.0,120.83313751220705,0.0,,HGLG11,01-11-2020,FII
164.68536376953125,178.1292724609375,164.0077667236328,177.74627685546875,883661.0,130.41619873046875,0.0,,HGLG11,01-12-2020,FII
177.74627685546875,181.25210571289065,175.19302368164062,176.42054748535156,886233.0,129.44345092773438,0.0,,HGLG11,01-01-2021,FII
174.8002166748047,177.3534698486328,171.6675567626953,175.7822265625,800715.0,128.9751434326172,0.0,,HGLG11,01-02-2021,FII
175.73313903808594,176.76425170898438,166.56103515625,172.8263397216797,1318144.0,126.80632019042967,0.0,,HGLG11,01-03-2021,FII
172.03089904785156,172.03089904785156,166.9440155029297,170.8721160888672,738824.0,125.3724594116211,0.0,,HGLG11,01-04-2021,FII
169.87045288085938,169.87045288085938,164.9897918701172,166.49229431152344,644687.0,122.15887451171876,0.0,,HGLG11,01-05-2021,FII
165.9619903564453,169.67404174804688,153.80455017089844,165.56918334960938,1021036.0,121.4815902709961,0.0,,HGLG11,01-06-2021,FII
166.65924072265625,173.58250427246094,162.829345703125,165.9325408935547,1141043.0,121.7481918334961,0.0,,HGLG11,01-07-2021,FII
165.9619903564453,166.16822814941406,159.1074676513672,159.88327026367188,1022400.0,117.30970764160156,0.0,,HGLG11,01-08-2021,FII
159.51010131835938,162.5740203857422,157.6147918701172,162.03390502929688,761114.0,118.88768005371094,0.0,,HGLG11,01-09-2021,FII
161.5428924560547,166.1092987060547,159.6770477294922,163.99795532226562,679997.0,120.32872009277344,0.0,,HGLG11,01-10-2021,FII
162.9962921142578,163.4676513671875,152.11546325683594,157.123779296875,718010.0,115.2850570678711,0.0,,HGLG11,01-11-2021,FII
156.67205810546875,167.92604064941406,156.41673278808594,167.49395751953125,677918.0,122.893798828125,0.0,,HGLG11,01-12-2021,FII
166.55120849609375,171.5006103515625,162.18121337890625,167.484130859375,675337.0,122.88661193847656,0.0,,HGLG11,01-01-2022,FII
166.40391540527344,168.31884765625,159.40208435058594,163.99795532226562,477633.0,120.32872009277344,0.0,,HGLG11,01-02-2022,FII
163.99795532226562,163.99795532226562,157.71299743652344,160.5608673095703,661639.0,117.80685424804688,0.0,,HGLG11,01-03-2022,FII
160.95367431640625,164.83267211914062,160.08949279785156,161.96080017089844,500952.0,118.83405303955078,1.080226,,HGLG11,01-04-2022,FII
161.9410400390625,163.42221069335938,159.07745361328125,163.02723693847656,601685.0,120.42671966552734,1.08619,,HGLG11,01-05-2022,FII
161.66456604003906,162.4051513671875,154.9400634765625,162.35577392578125,805875.0,120.74046325683594,1.08619,,HGLG11,01-06-2022,FII
159.59092712402344,166.7696533203125,158.19862365722656,166.52279663085938,677902.0,124.6700439453125,3.25857,,HGLG11,01-07-2022,FII
165.4365997314453,171.8155059814453,163.92581176757812,170.324462890625,760641.0,130.1279296875,1.08619,,HGLG11,01-08-2022,FII
169.23826599121094,171.8155059814453,162.05953979492188,169.34689331054688,933399.0,130.23052978515625,1.08619,,HGLG11,01-09-2022,FII
167.86572265625,168.24095153808594,161.44732666015625,163.3135986328125,872473.0,126.39684295654295,1.08619,,HGLG11,01-10-2022,FII
162.22740173339844,167.6484832763672,159.83778381347656,162.74087524414062,663758.0,126.76669311523438,1.08619,,HGLG11,01-11-2022,FII
161.65469360351562,162.7310028076172,157.7937774658203,162.4347686767578,659461.0,127.37539672851562,1.08619,,HGLG11,01-12-2022,FII
160.1537628173828,160.4598846435547,158.78121948242188,160.22288513183594,674158.0,126.48512268066406,2.17238,,HGLG11,01-01-2023,FII
159.35394287109375,160.20314025878906,157.50741577148438,159.62054443359375,531293.0,127.71774291992188,1.08619,,HGLG11,01-02-2023,FII
158.53436279296875,159.47242736816406,156.04598999023438,158.4553680419922,721218.0,127.65077209472656,1.08619,,HGLG11,01-03-2023,FII
157.58641052246094,160.4598846435547,157.00381469726562,160.4598846435547,602174.0,130.15127563476562,1.08619,,HGLG11,01-04-2023,FII
160.4598846435547,164.4886474609375,158.5500030517578,159.11000061035156,1124459.0,129.94715881347656,1.08619,,HGLG11,01-05-2023,FII
158.5,167.77000427246094,158.0,167.22999572753906,1285525.0,137.50967407226562,1.1,,HGLG11,01-06-2023,FII
165.91000366210938,168.49000549316406,161.63999938964844,163.25,1220963.0,135.17153930664062,1.5,,HGLG11,01-07-2023,FII
163.27999877929688,164.0,159.72999572753906,162.22000122070312,1737094.0,135.5343475341797,1.1,,HGLG11,01-08-2023,FII
161.35000610351562,162.75,160.22999572753906,161.47999572753906,2097665.0,135.83139038085938,1.1,,HGLG11,01-09-2023,FII
160.5800018310547,160.72999572753906,157.5,158.0,1585896.0,133.8114776611328,1.1,,HGLG11,01-10-2023,FII
158.0,162.75999450683594,155.02000427246094,161.39999389648438,1380011.0,137.6284637451172,1.1,,HGLG11,01-11-2023,FII
161.10000610351562,162.8000030517578,154.99000549316406,161.99000549316406,1718564.0,139.10000610351562,1.1,,HGLG11,01-12-2023,FII
161.99000549316406,165.5,160.75,165.25999450683594,1131285.0,142.8817138671875,1.1,,HGLG11,01-01-2024,FII
164.14999389648438,170.0,162.60000610351562,169.99000549316406,875878.0,147.97604370117188,1.1,,HGLG11,01-02-2024,FII
168.88999938964844,170.7100067138672,166.02999877929688,169.0,845938.0,148.1000518798828,1.1,,HGLG11,01-03-2024,FII
167.89999389648438,168.7899932861328,163.10000610351562,166.6300048828125,961944.0,146.97418212890625,1.1,,HGLG11,01-04-2024,FII
166.6300048828125,166.99000549316406,160.85000610351562,163.39999389648438,869100.0,145.06947326660156,1.1,,HGLG11,01-05-2024,FII
162.3000030517578,163.1699981689453,155.5500030517578,162.14999389648438,1143210.0,144.9163360595703,1.1,,HGLG11,01-06-2024,FII
161.1999969482422,164.8000030517578,157.6300048828125,160.39999389648438,1033538.0,144.32391357421875,1.1,,HGLG11,01-07-2024,FII
160.58999633789062,162.6999969482422,158.5399932861328,161.1999969482422,865739.0,146.03440856933594,1.1,,HGLG11,01-08-2024,FII
160.3000030517578,161.0,157.7100067138672,159.1300048828125,909047.0,145.15460205078125,1.1,,HGLG11,01-09-2024,FII
158.30999755859375,158.88999938964844,153.82000732421875,155.85000610351562,1199919.0,143.13941955566406,1.1,,HGLG11,01-10-2024,FII
154.38999938964844,156.0,151.25,152.25,1024759.0,140.80633544921875,1.1,,HGLG11,01-11-2024,FII
151.8000030517578,157.27000427246094,142.0,156.1300048828125,1296618.0,145.42112731933594,1.1,,HGLG11,01-12-2024,FII
155.60000610351562,156.1300048828125,147.61000061035156,152.25,966938.0,142.83924865722656,1.1,,HGLG11,01-01-2025,FII
150.99000549316406,153.74000549316406,147.50999450683594,150.4499969482422,907307.0,142.15203857421875,1.1,,HGLG11,01-02-2025,FII
150.4499969482422,152.9499969482422,147.67999267578125,152.75,805036.0,145.37550354003906,1.1,,HGLG11,01-03-2025,FII
152.63999938964844,160.9499969482422,149.6300048828125,160.8000030517578,866022.0,154.16403198242188,1.1,,HGLG11,01-04-2025,FII
160.8000030517578,161.36000061035156,156.5500030517578,161.36000061035156,686903.0,155.82305908203125,1.1,,HGLG11,01-05-2025,FII
160.25999450683594,160.3000030517578,153.9199981689453,159.22999572753906,844511.0,154.8252716064453,1.1,,HGLG11,01-06-2025,FII
158.1300048828125,158.2100067138672,151.64999389648438,154.24000549316406,877235.0,151.00270080566406,1.1,,HGLG11,01-07-2025,FII
153.9600067138672,155.42999267578125,150.77999877929688,154.99000549316406,891541.0,152.79249572753906,1.1,,HGLG11,01-08-2025,FII
154.07000732421875,158.50999450683594,152.9600067138672,157.6999969482422,532334.0,156.5807647705078,1.1,,HGLG11,01-09-2025,FII
0.0,0.0,0.0,157.6999969482422,0.0,157.6999969482422,0.0,,HGLG11,15-09-2025,FII
87.963134765625,91.04290008544922,86.73323059082031,89.4930191040039,385669.0,57.19758605957031,0.0,,XPCI11,01-10-2020,FII
89.4930191040039,91.43286895751952,87.59317016601562,90.98290252685548,486846.0,58.14979934692383,0.0,,XPCI11,01-11-2020,FII
89.99298095703125,92.5527801513672,87.67316436767578,92.5527801513672,555749.0,59.153167724609375,0.0,,XPCI11,01-12-2020,FII
92.5527801513672,97.00243377685548,89.99298095703125,96.89244079589844,350123.0,61.92677688598633,0.0,,XPCI11,01-01-2021,FII
96.91243743896484,97.47239685058594,93.45271301269533,95.59254455566406,402985.0,61.09595489501953,0.0,,XPCI11,01-02-2021,FII
95.29256439208984,96.59246826171876,92.36279296875,96.19249725341795,1034985.0,61.47940444946289,0.0,,XPCI11,01-03-2021,FII
95.86251831054688,99.95220184326172,95.6525421142578,99.72222137451172,703772.0,63.73537063598633,0.0,,XPCI11,01-04-2021,FII
98.43231964111328,100.40216827392578,98.0123519897461,99.9822006225586,869415.0,63.90153503417969,0.0,,XPCI11,01-05-2021,FII
99.74221801757812,102.47200775146484,94.4926300048828,100.4921646118164,805640.0,64.2274398803711,0.0,,XPCI11,01-06-2021,FII
100.41217041015624,103.67191314697266,96.52246856689452,102.2020263671875,845910.0,65.32028198242188,0.0,,XPCI11,01-07-2021,FII
101.27210235595705,101.59207153320312,95.4925537109375,100.1421890258789,586275.0,64.0037841796875,0.0,,XPCI11,01-08-2021,FII
98.08235168457033,100.31217193603516,95.63253784179688,96.8824462890625,555897.0,61.920387268066406,0.0,,XPCI11,01-09-2021,FII
96.17250061035156,99.99220275878906,93.99266815185548,97.33240509033205,502048.0,62.20797729492188,0.0,,XPCI11,01-10-2021,FII
96.7224578857422,96.992431640625,87.503173828125,90.99290466308594,445515.0,58.156211853027344,0.0,,XPCI11,01-11-2021,FII
90.44294738769533,98.86228942871094,89.00305938720703,96.80245208740234,501979.0,61.86924743652344,0.0,,XPCI11,01-12-2021,FII
95.83252716064452,98.99227905273438,95.0025863647461,97.29241180419922,559285.0,62.18238830566406,0.0,,XPCI11,01-01-2022,FII
96.992431640625,99.08226776123048,89.99298095703125,95.44255828857422,571973.0,61.0001106262207,0.0,,XPCI11,01-02-2022,FII
95.44255828857422,97.99235534667967,91.9928207397461,97.0999984741211,638495.0,62.059417724609375,0.0,,XPCI11,01-03-2022,FII
95.9499969482422,98.79000091552734,95.9499969482422,96.70999908447266,710490.0,61.81017303466797,1.13,,XPCI11,01-04-2022,FII
96.8000030517578,97.30999755859376,92.45999908447266,94.8000030517578,776768.0,61.302833557128906,1.18,,XPCI11,01-05-2022,FII
93.9499969482422,95.5,92.08000183105467,94.52999877929688,794297.0,61.88330078125,1.22,,XPCI11,01-06-2022,FII
93.29000091552734,94.33000183105467,91.86000061035156,93.5999984741211,532383.0,62.07332229614258,1.05,,XPCI11,01-07-2022,FII
92.58000183105467,95.4000015258789,89.23999786376953,95.08000183105467,716692.0,63.76307678222656,1.02,,XPCI11,01-08-2022,FII
93.72000122070312,94.23999786376952,87.30000305175781,87.72000122070312,596875.0,59.47539138793945,0.96,,XPCI11,01-09-2022,FII
87.41000366210938,90.81999969482422,84.80999755859375,90.1500015258789,767620.0,61.74643325805664,0.88,,XPCI11,01-10-2022,FII
88.51000213623047,90.5,82.05000305175781,84.25,647615.0,58.29010009765625,0.67,,XPCI11,01-11-2022,FII
83.20999908447266,88.4800033569336,79.0,81.29000091552734,676057.0,56.663272857666016,0.6,,XPCI11,01-12-2022,FII
80.55000305175781,87.9800033569336,77.08000183105469,78.70999908447266,628682.0,55.25840759277344,0.72,,XPCI11,01-01-2023,FII
77.72000122070312,80.7300033569336,76.0,79.8499984741211,536378.0,56.55971908569336,0.96,,XPCI11,01-02-2023,FII
78.9800033569336,82.98999786376953,78.30999755859375,82.69999694824219,490138.0,59.30173110961914,1.0,,XPCI11,01-03-2023,FII
80.79000091552734,81.66999816894531,78.44999694824219,79.69999694824219,367190.0,57.87531661987305,0.95,,XPCI11,01-04-2023,FII
79.69999694824219,85.0,78.19999694824219,83.5199966430664,462024.0,61.35406494140625,0.87,,XPCI11,01-05-2023,FII
82.38999938964844,88.0,80.11000061035156,88.0,471544.0,65.35853576660156,0.93,,XPCI11,01-06-2023,FII
87.08000183105469,89.3499984741211,83.83999633789062,86.88999938964844,570352.0,65.26081085205078,0.91,,XPCI11,01-07-2023,FII
85.88999938964844,89.33000183105469,83.80000305175781,87.02999877929688,645823.0,66.04895782470703,1.0,,XPCI11,01-08-2023,FII
86.56999969482422,88.9800033569336,84.38999938964844,87.9800033569336,593780.0,67.54733276367188,0.9,,XPCI11,01-09-2023,FII
86.98999786376953,89.86000061035156,85.87000274658203,87.33999633789062,493809.0,67.75664520263672,0.95,,XPCI11,01-10-2023,FII
86.54000091552734,88.45999908447266,85.44999694824219,85.9000015258789,412025.0,67.36695098876953,0.95,,XPCI11,01-11-2023,FII
83.0,88.75,82.55000305175781,86.91000366210938,481059.0,68.9085464477539,0.8,,XPCI11,01-12-2023,FII
86.91000366210938,89.98999786376953,84.93000030517578,89.13999938964844,455447.0,71.34107971191406,0.76,,XPCI11,01-01-2024,FII
88.44000244140625,90.9499969482422,87.19000244140625,88.88999938964844,450094.0,71.76858520507812,0.9,,XPCI11,01-02-2024,FII
88.44000244140625,91.5,87.12000274658203,91.23999786376952,459652.0,74.41728210449219,0.9,,XPCI11,01-03-2024,FII
89.75,90.0999984741211,87.0,88.9000015258789,434422.0,73.25041198730469,0.9,,XPCI11,01-04-2024,FII
88.9000015258789,90.3000030517578,86.25,89.19000244140625,440046.0,74.22148132324219,0.9,,XPCI11,01-05-2024,FII
88.30000305175781,88.31999969482422,84.27999877929688,87.0,628563.0,73.13945007324219,0.87,,XPCI11,01-06-2024,FII
86.0,88.68000030517578,84.11000061035156,86.54000091552734,449693.0,73.46941375732422,1.0,,XPCI11,01-07-2024,FII
86.0,88.05000305175781,85.38999938964844,87.91000366210938,440233.0,75.50030517578125,0.87,,XPCI11,01-08-2024,FII
87.11000061035156,87.9800033569336,86.05999755859375,87.0,464361.0,75.4775619506836,0.8,,XPCI11,01-09-2024,FII
86.0999984741211,86.87000274658203,78.6500015258789,79.4000015258789,524582.0,69.51673126220703,0.8,,XPCI11,01-10-2024,FII
78.22000122070312,81.80000305175781,77.51000213623047,78.44999694824219,441888.0,69.3224105834961,0.8,,XPCI11,01-11-2024,FII
77.5,78.44999694824219,66.20999908447266,78.16000366210938,625029.0,69.76913452148438,0.81,,XPCI11,01-12-2024,FII
77.33000183105469,78.20999908447266,69.51000213623047,72.11000061035156,412009.0,65.04017639160156,0.83,,XPCI11,01-01-2025,FII
71.52999877929688,76.13999938964844,70.51000213623047,74.58000183105469,416519.0,67.9900131225586,0.83,,XPCI11,01-02-2025,FII
74.58000183105469,81.0,72.61000061035156,81.0,343323.0,74.70257568359375,0.84,,XPCI11,01-03-2025,FII
80.20999908447266,81.5,73.7699966430664,80.30000305175781,358736.0,74.90059661865234,0.85,,XPCI11,01-04-2025,FII
79.79000091552734,81.94999694824219,78.72000122070312,80.0199966430664,275139.0,75.43098449707031,0.9,,XPCI11,01-05-2025,FII
79.58999633789062,82.23999786376953,76.7699966430664,81.27999877929688,371726.0,77.4872055053711,0.95,,XPCI11,01-06-2025,FII
80.30000305175781,82.5,79.94000244140625,81.30999755859375,409338.0,78.44713592529297,1.0,,XPCI11,01-07-2025,FII
80.75,82.75,78.81999969482422,82.45999908447266,448815.0,80.54763793945312,0.96,,XPCI11,01-08-2025,FII
81.87000274658203,82.30000305175781,80.44000244140625,82.23999786376953,345965.0,81.29253387451172,0.95,,XPCI11,01-09-2025,FII
0.0,0.0,0.0,82.23999786376953,0.0,82.23999786376953,0.0,,XPCI11,15-09-2025,FII
103.55106353759766,113.68416595458984,102.6137237548828,107.54708099365234,1055884.0,76.61841583251953,0.0,,XPML11,01-10-2020,FII
107.54708099365234,112.96389770507812,106.1164093017578,108.92841339111328,819948.0,77.60249328613281,0.0,,XPML11,01-11-2020,FII
108.92841339111328,116.36791229248048,102.99852752685548,115.17404174804688,744859.0,82.0519790649414,0.0,,XPML11,01-12-2020,FII
115.17404174804688,118.40045166015624,112.78630065917967,112.89482879638672,798434.0,80.42825317382812,0.0,,XPML11,01-01-2021,FII
112.3028335571289,112.83563232421876,105.99800872802734,106.94520568847656,1070142.0,76.18963623046875,0.0,,XPML11,01-02-2021,FII
106.94520568847656,107.5076141357422,101.13372039794922,104.29106903076172,1058213.0,74.29877471923828,0.0,,XPML11,01-03-2021,FII
104.27133178710938,107.35961151123048,102.0414581298828,104.58706665039062,749851.0,74.50965118408203,0.0,,XPML11,01-04-2021,FII
104.58706665039062,104.64627075195312,99.11104583740234,103.12679290771484,799941.0,73.4693374633789,0.0,,XPML11,01-05-2021,FII
103.20572662353516,107.54708099365234,93.83235931396484,101.82438659667967,850957.0,72.54147338867188,0.0,,XPML11,01-06-2021,FII
101.82438659667967,107.15241241455078,99.4366455078125,101.13372039794922,803633.0,72.0494384765625,0.0,,XPML11,01-07-2021,FII
101.13372039794922,102.47559356689452,97.0390396118164,100.91665649414062,854794.0,71.89479064941406,0.0,,XPML11,01-08-2021,FII
100.91665649414062,102.51506042480467,92.03662109375,94.52302551269533,889355.0,67.33983612060547,0.0,,XPML11,01-09-2021,FII
94.52302551269533,103.36359405517578,93.68435668945312,97.3843765258789,757163.0,69.37834930419922,0.0,,XPML11,01-10-2021,FII
97.48303985595705,98.08490753173828,84.75498962402344,88.3070068359375,744043.0,62.91144943237305,0.0,,XPML11,01-11-2021,FII
88.3070068359375,98.10464477539062,82.3968505859375,98.10464477539062,852367.0,69.8914566040039,0.0,,XPML11,01-12-2021,FII
96.80223846435548,98.39077758789062,88.40567016601562,96.56543731689452,885536.0,68.79489135742188,0.0,,XPML11,01-01-2022,FII
96.44703674316406,97.45343780517578,87.3203353881836,90.18167877197266,832413.0,64.24698638916016,0.0,,XPML11,01-02-2022,FII
90.18167877197266,94.62169647216795,87.86300659179688,94.61183166503906,687883.0,67.40310668945312,0.631426,,XPML11,01-03-2022,FII
94.2270278930664,99.66358184814452,93.83235931396484,97.92704010009766,730006.0,70.26121520996094,0.651158,,XPML11,01-04-2022,FII
97.92704010009766,98.66704559326172,93.33902740478516,96.9009017944336,618218.0,69.98661804199219,0.67089,,XPML11,01-05-2022,FII
96.89103698730467,98.14411163330078,93.26009368896484,93.43769073486328,754545.0,67.95976257324219,0.67089,,XPML11,01-06-2022,FII
93.81262969970705,95.21369934082033,89.796875,94.35529327392578,679825.0,69.11211395263672,0.680756,,XPML11,01-07-2022,FII
94.35529327392578,103.7187957763672,90.74407958984376,103.66946411132812,922434.0,76.50203704833984,0.690622,,XPML11,01-08-2022,FII
103.65959930419922,106.08680725097656,100.21611785888672,102.52033996582033,790319.0,76.17068481445312,0.722622,,XPML11,01-09-2022,FII
102.5599365234375,103.48059844970705,100.70870971679688,102.93611907958984,607818.0,77.01569366455078,0.74242,,XPML11,01-10-2022,FII
102.9262237548828,103.83698272705078,95.26392364501952,97.17455291748048,691338.0,73.23307037353516,0.74242,,XPML11,01-11-2022,FII
97.17455291748048,102.06495666503906,92.95731353759766,94.71944427490234,879423.0,71.91436004638672,0.762218,,XPML11,01-12-2022,FII
94.73924255371094,98.87728118896484,92.56133270263672,95.91729736328124,976316.0,73.41885375976562,0.890904,,XPML11,01-01-2023,FII
95.91729736328124,98.8277816772461,94.0561752319336,98.00611877441406,720429.0,75.70765686035156,0.762218,,XPML11,01-02-2023,FII
98.00611877441406,100.4909210205078,92.90782165527344,94.53135681152344,985241.0,73.6035385131836,0.772117,,XPML11,01-03-2023,FII
94.53135681152344,106.88606262207033,93.20480346679688,102.1144561767578,820386.0,80.14834594726562,0.791914,,XPML11,01-04-2023,FII
102.1144561767578,104.17356872558594,98.74858856201172,100.62154388427734,1070234.0,79.61241149902344,0.801813,,XPML11,01-05-2023,FII
100.64139556884766,104.8203125,100.55206298828124,104.71112823486328,1347924.0,83.50474548339844,0.803964,,XPML11,01-06-2023,FII
104.27437591552734,105.61556243896484,102.83541870117188,105.60559844970705,1616155.0,84.87750244140625,0.827011,,XPML11,01-07-2023,FII
105.59563446044922,110.55804443359376,105.52587890625,110.10963439941406,2100163.0,89.2080307006836,0.836975,,XPML11,01-08-2023,FII
110.10963439941406,114.58377075195312,109.11316680908205,110.34878540039062,3494938.0,90.0990219116211,0.846939,,XPML11,01-09-2023,FII
110.6078643798828,113.09902954101562,107.738037109375,108.7145767211914,1980647.0,89.4386215209961,0.846939,,XPML11,01-10-2023,FII
108.73450469970705,114.07556915283205,108.7145767211914,110.64772033691406,1653727.0,91.72652435302734,0.846939,,XPML11,01-11-2023,FII
111.9730224609375,121.17041778564452,110.43846893310548,116.70624542236328,2419493.0,97.4789810180664,0.896759,,XPML11,01-12-2023,FII
116.70624542236328,119.47642517089844,112.87981414794922,116.97000122070312,2841894.0,98.48889923095705,0.919937,,XPML11,01-01-2024,FII
117.0,119.0999984741211,116.2300033569336,118.18000030517578,1800002.0,100.30323791503906,0.899938,,XPML11,01-02-2024,FII
118.18000030517578,118.62999725341795,115.8499984741211,116.23999786376952,2056027.0,99.4105224609375,0.899938,,XPML11,01-03-2024,FII
116.25,117.9000015258789,114.6999969482422,116.30999755859376,3228199.0,100.23625946044922,0.91,,XPML11,01-04-2024,FII
116.30999755859376,118.5,113.3000030517578,113.87000274658205,2872640.0,98.91006469726562,0.92,,XPML11,01-05-2024,FII
113.93000030517578,114.7300033569336,109.01000213623048,112.75,3189844.0,98.71195220947266,0.92,,XPML11,01-06-2024,FII
112.75,114.16999816894533,109.4000015258789,111.58999633789062,2794919.0,98.5195770263672,0.92,,XPML11,01-07-2024,FII
111.75,113.77999877929688,110.6999969482422,112.0,2546707.0,99.69021606445312,0.92,,XPML11,01-08-2024,FII
112.45999908447266,112.79000091552734,106.70999908447266,107.43000030517578,3696776.0,96.40760803222656,0.92,,XPML11,01-09-2024,FII
107.6999969482422,108.25,102.7699966430664,103.6999969482422,3049808.0,93.83140563964844,0.92,,XPML11,01-10-2024,FII
103.38999938964844,104.5,99.6500015258789,100.51000213623048,2589700.0,91.7367172241211,0.92,,XPML11,01-11-2024,FII
101.23999786376952,101.76000213623048,90.31999969482422,97.66999816894533,3865080.0,89.94023895263672,0.92,,XPML11,01-12-2024,FII
97.66999816894533,99.91000366210938,94.8499984741211,97.5,2911637.0,90.64002227783205,0.92,,XPML11,01-01-2025,FII
97.61000061035156,98.98999786376952,94.9000015258789,95.25,2754409.0,89.40457916259766,0.92,,XPML11,01-02-2025,FII
95.25,103.37999725341795,95.25,102.3499984741211,2581807.0,96.97044372558594,0.92,,XPML11,01-03-2025,FII
102.5,106.97000122070312,99.12000274658205,106.5,2260849.0,101.85559844970705,0.92,,XPML11,01-04-2025,FII
106.5,107.22000122070312,103.6500015258789,104.5999984741211,2137906.0,100.92529296875,0.92,,XPML11,01-05-2025,FII
104.88999938964844,104.94000244140624,100.5999984741211,104.1500015258789,2369788.0,101.36668395996094,0.92,,XPML11,01-06-2025,FII
104.0,105.5,100.0999984741211,101.79000091552734,2080169.0,99.95645141601562,0.92,,XPML11,01-07-2025,FII
102.37000274658205,102.9000015258789,98.23999786376952,101.9000015258789,2285610.0,100.9671859741211,0.92,,XPML11,01-08-2025,FII
104.0,105.91999816894533,102.5,105.8000030517578,1321903.0,105.8000030517578,0.0,,XPML11,01-09-2025,FII
0.0,0.0,0.0,105.8000030517578,0.0,105.8000030517578,0.0,,XPML11,15-09-2025,FII
124.45999908447266,127.4000015258789,124.01000213623048,126.41999816894533,2105.0,82.80500793457031,0.0,,HTMX11,01-12-2020,FII
101.69000244140624,104.69000244140624,98.01000213623048,102.0,50272.0,66.80992889404297,0.0,,HTMX11,01-06-2021,FII
101.0199966430664,116.08000183105467,100.0,109.0999984741211,42714.0,71.4604263305664,0.0,,HTMX11,01-07-2021,FII
109.0999984741211,109.9800033569336,99.51000213623048,100.0999984741211,42447.0,65.5654525756836,0.0,,HTMX11,01-08-2021,FII
100.11000061035156,102.2699966430664,94.0,101.51000213623048,40802.0,66.4889907836914,0.0,,HTMX11,01-09-2021,FII
101.51000213623048,106.9000015258789,96.38999938964844,96.38999938964844,36084.0,63.13538360595703,0.0,,HTMX11,01-10-2021,FII
96.8499984741211,100.0,84.58999633789062,84.5999984741211,36945.0,55.41295623779297,0.0,,HTMX11,01-11-2021,FII
84.5999984741211,92.1999969482422,84.20999908447266,88.37999725341797,25022.0,57.88883209228516,0.0,,HTMX11,01-12-2021,FII
88.37999725341797,90.5,83.08000183105469,84.83000183105469,27515.0,55.56356430053711,0.0,,HTMX11,01-01-2022,FII
83.2300033569336,84.5,78.0,78.55999755859375,22361.0,51.45676040649414,0.0,,HTMX11,01-02-2022,FII
78.55999755859375,80.01000213623047,73.0,78.01000213623047,34968.0,51.09649658203125,0.0,,HTMX11,01-03-2022,FII
78.01000213623047,84.75,76.97000122070312,81.0199966430664,22586.0,53.06804656982422,0.0,,HTMX11,01-04-2022,FII
81.23999786376953,83.76000213623047,76.51000213623047,77.79000091552734,30631.0,50.95241165161133,0.0,,HTMX11,01-05-2022,FII
77.29000091552734,90.19000244140624,77.05999755859375,86.38999938964844,49363.0,56.585391998291016,0.0,,HTMX11,01-06-2022,FII
86.97000122070312,98.0,85.0,93.8000030517578,45946.0,61.43890380859375,0.0,,HTMX11,01-07-2022,FII
93.56999969482422,117.5,93.37000274658205,113.5999984741211,77937.0,74.40791320800781,0.0,,HTMX11,01-08-2022,FII
113.5999984741211,119.98999786376952,113.5999984741211,116.69000244140624,40801.0,76.43190002441406,0.864501,,HTMX11,01-09-2022,FII
115.77999877929688,122.3499984741211,112.87999725341795,117.11000061035156,128631.0,77.29519653320312,0.90172,,HTMX11,01-10-2022,FII
117.0,118.98999786376952,100.66999816894533,106.8000030517578,43896.0,71.03932189941406,0.906856,,HTMX11,01-11-2022,FII
106.9800033569336,115.0,106.9800033569336,111.5500030517578,44278.0,74.77790069580078,1.271606,,HTMX11,01-12-2022,FII
111.58000183105467,115.0,104.5500030517578,113.5999984741211,54696.0,77.06971740722656,1.263511,,HTMX11,01-01-2023,FII
112.86000061035156,113.73999786376952,105.06999969482422,105.98999786376952,50677.0,72.73068237304688,0.739078,,HTMX11,01-02-2023,FII
104.0,114.0,97.91999816894533,101.48999786376952,42553.0,70.09883117675781,0.626698,,HTMX11,01-03-2023,FII
99.02999877929688,108.0,96.87999725341795,105.0,41277.0,72.95453643798828,0.632442,,HTMX11,01-04-2023,FII
105.0,118.0,101.58000183105467,114.75,58543.0,80.22885131835938,1.896027,,HTMX11,01-05-2023,FII
114.58999633789062,130.97000122070312,109.0,128.14999389648438,99679.0,91.24526977539062,1.738132,,HTMX11,01-06-2023,FII
128.99000549316406,133.89999389648438,117.0,133.85000610351562,106187.0,96.7695770263672,1.884932,,HTMX11,01-07-2023,FII
131.8000030517578,149.0,128.5,137.8699951171875,113240.0,101.16388702392578,1.872321,,HTMX11,01-08-2023,FII
138.00999450683594,151.5,135.0500030517578,144.10000610351562,93301.0,107.23526763916016,2.018526,,HTMX11,01-09-2023,FII
146.75999450683594,161.94000244140625,137.77000427246094,159.0,116090.0,120.0815200805664,0.0,,HTMX11,01-10-2023,FII
159.8800048828125,179.5,148.2100067138672,177.0,154420.0,133.67568969726562,3.7,,HTMX11,01-11-2023,FII
175.75,199.0,172.3800048828125,198.0,182840.0,153.09812927246094,3.7,,HTMX11,01-12-2023,FII
194.7400054931641,194.7400054931641,141.02000427246094,169.5800018310547,337323.0,133.92266845703125,3.254262,,HTMX11,01-01-2024,FII
145.0,176.99000549316406,140.02999877929688,154.36000061035156,239606.0,123.93997955322266,0.862561,,HTMX11,01-02-2024,FII
154.36000061035156,180.0,154.36000061035156,179.5,165390.0,144.8624267578125,2.6,,HTMX11,01-03-2024,FII
176.0,179.0,170.10000610351562,176.88999938964844,114912.0,145.20184326171875,1.661711,,HTMX11,01-04-2024,FII
176.89999389648438,189.2899932861328,169.0500030517578,187.6499938964844,103259.0,155.47354125976562,2.186519,,HTMX11,01-05-2024,FII
183.7899932861328,186.9900054931641,175.0500030517578,186.1699981689453,98642.0,156.17784118652344,1.975859,,HTMX11,01-06-2024,FII
180.8999938964844,184.52999877929688,176.61000061035156,179.6300048828125,92123.0,152.2949981689453,1.411007,,HTMX11,01-07-2024,FII
177.99000549316406,191.1000061035156,176.00999450683594,190.82000732421875,92077.0,163.01773071289062,2.3,,HTMX11,01-08-2024,FII
187.0,209.0,185.1000061035156,206.8999938964844,89220.0,179.04745483398438,2.132836,,HTMX11,01-09-2024,FII
203.5,204.1000061035156,180.0,188.67999267578125,134739.0,165.12582397460938,2.15,,HTMX11,01-10-2024,FII
188.25999450683597,189.9900054931641,152.77000427246094,155.4600067138672,271169.0,137.48155212402344,2.365658,,HTMX11,01-11-2024,FII
154.44000244140625,159.2100067138672,150.66000366210938,158.83999633789062,191368.0,142.2542266845703,3.415538,,HTMX11,01-12-2024,FII
157.82000732421875,178.8800048828125,155.00999450683594,158.0,198461.0,144.6806640625,3.93725,,HTMX11,01-01-2025,FII
157.49000549316406,157.49000549316406,148.02999877929688,150.6199951171875,189649.0,141.42843627929688,1.2302,,HTMX11,01-02-2025,FII
148.6999969482422,148.6999969482422,142.0,143.36000061035156,157808.0,135.66781616210938,0.9817,,HTMX11,01-03-2025,FII
142.99000549316406,144.5,137.58999633789062,142.4499969482422,114239.0,135.6910400390625,0.798211,,HTMX11,01-04-2025,FII
140.99000549316406,143.2899932861328,135.0,140.0,133727.0,134.10394287109375,0.8,,HTMX11,01-05-2025,FII
141.60000610351562,147.0,140.60000610351562,145.3000030517578,78781.0,139.966796875,1.54,,HTMX11,01-06-2025,FII
145.16000366210938,146.1699981689453,141.41000366210938,145.47000122070312,71302.0,141.6891326904297,1.5,,HTMX11,01-07-2025,FII
141.02000427246094,143.6999969482422,139.0,139.8699951171875,75358.0,137.65576171875,1.22,,HTMX11,01-08-2025,FII
138.9499969482422,139.0,136.5,138.39999389648438,48631.0,137.36102294921875,1.05,,HTMX11,01-09-2025,FII
0.0,0.0,0.0,138.39999389648438,0.0,138.39999389648438,0.0,,HTMX11,15-09-2025,FII
